player,team,conference,division,height_feet,height_inches,height_total_inches,age,number_jersey,date_pulled
Nickeil Alexander-Walker,Atlanta Hawks,East,Southeast,6,5,77,28,7,2026-10-09
Cameron Corhen,Atlanta Hawks,East,Southeast,6,10,82,22,,2026-10-09
Dyson Daniels,Atlanta Hawks,East,Southeast,6,7,79,23,5,2026-10-09
RayJ Dennis,Atlanta Hawks,East,Southeast,6,2,74,25,10,2026-10-09
Luguentz Dort,Atlanta Hawks,East,Southeast,6,4,76,27,0,2026-10-09
Zuby Ejiofor,Atlanta Hawks,East,Southeast,6,8,80,22,20,2026-10-09
Dorian Finney-Smith,Atlanta Hawks,East,Southeast,6,7,79,33,8,2026-10-09
Kingston Flemings,Atlanta Hawks,East,Southeast,6,3,75,19,4,2026-10-09
Keshon Gilbert,Atlanta Hawks,East,Southeast,6,4,76,23,51,2026-10-09
Mouhamed Gueye,Atlanta Hawks,East,Southeast,6,11,83,23,18,2026-10-09
Jalen Johnson,Atlanta Hawks,East,Southeast,6,8,80,24,1,2026-10-09
Kobe Johnson,Atlanta Hawks,East,Southeast,6,6,78,23,12,2026-10-09
Corey Kispert,Atlanta Hawks,East,Southeast,6,6,78,27,24,2026-10-09
Jock Landale,Atlanta Hawks,East,Southeast,6,11,83,30,31,2026-10-09
CJ McCollum,Atlanta Hawks,East,Southeast,6,3,75,35,3,2026-10-09
Asa Newell,Atlanta Hawks,East,Southeast,6,11,83,21,14,2026-10-09
Onyeka Okongwu,Atlanta Hawks,East,Southeast,6,10,82,25,17,2026-10-09
Henri Veesaar,Atlanta Hawks,East,Southeast,7,0,84,22,13,2026-10-09
Aaron Wiggins,Atlanta Hawks,East,Southeast,6,5,77,27,2,2026-10-09
Jalen Wilson,Atlanta Hawks,East,Southeast,6,6,78,25,22,2026-10-09
Devin Carter,Boston Celtics,East,Atlantic,6,2,74,24,99,2026-10-09
Chris Cenac Jr.,Boston Celtics,East,Atlantic,6,11,83,19,12,2026-10-09
Mike Conley,Boston Celtics,East,Atlantic,6,1,73,38,45,2026-10-09
Tucker DeVries,Boston Celtics,East,Atlantic,6,7,79,23,26,2026-10-09
Luka Garza,Boston Celtics,East,Atlantic,6,10,82,27,52,2026-10-09
Paul George,Boston Celtics,East,Atlantic,6,8,80,36,13,2026-10-09
Hugo Gonzalez,Boston Celtics,East,Atlantic,6,6,78,20,28,2026-10-09
Hayden Gray,Boston Celtics,East,Atlantic,6,4,76,23,44,2026-10-09
Ron Harper Jr.,Boston Celtics,East,Atlantic,6,5,77,26,8,2026-10-09
Sam Hauser,Boston Celtics,East,Atlantic,6,8,80,28,30,2026-10-09
Gabe McGlothan,Boston Celtics,East,Atlantic,6,7,79,27,41,2026-10-09
Dillon Mitchell,Boston Celtics,East,Atlantic,6,8,80,23,20,2026-10-09
Payton Pritchard,Boston Celtics,East,Atlantic,6,2,74,28,11,2026-10-09
Neemias Queta,Boston Celtics,East,Atlantic,7,0,84,27,88,2026-10-09
Mitchell Robinson,Boston Celtics,East,Atlantic,7,0,84,28,4,2026-10-09
Baylor Scheierman,Boston Celtics,East,Atlantic,6,6,78,26,55,2026-10-09
Jayson Tatum,Boston Celtics,East,Atlantic,6,8,80,28,0,2026-10-09
Milos Uzan,Boston Celtics,East,Atlantic,6,4,76,23,29,2026-10-09
Jordan Walsh,Boston Celtics,East,Atlantic,6,7,79,22,27,2026-10-09
Derrick White,Boston Celtics,East,Atlantic,6,4,76,32,9,2026-10-09
Amari Williams,Boston Celtics,East,Atlantic,7,0,84,24,77,2026-10-09
Tyler Bilodeau,Brooklyn Nets,East,Atlantic,6,8,80,22,34,2026-10-09
Mikel Brown Jr.,Brooklyn Nets,East,Atlantic,6,5,77,20,0,2026-10-09
Noah Clowney,Brooklyn Nets,East,Atlantic,6,10,82,22,21,2026-10-09
Dain Dainja,Brooklyn Nets,East,Atlantic,6,9,81,24,42,2026-10-09
Egor Demin,Brooklyn Nets,East,Atlantic,6,8,80,20,8,2026-10-09
Keon Ellis,Brooklyn Nets,East,Atlantic,6,4,76,26,1,2026-10-09
Joshua Jefferson,Brooklyn Nets,East,Atlantic,6,8,80,22,9,2026-10-09
Chaney Johnson,Brooklyn Nets,East,Atlantic,6,8,80,24,31,2026-10-09
Terance Mann,Brooklyn Nets,East,Atlantic,6,6,78,29,14,2026-10-09
Josh Minott,Brooklyn Nets,East,Atlantic,6,8,80,23,00,2026-10-09
Grant Nelson,Brooklyn Nets,East,Atlantic,6,11,83,24,16,2026-10-09
Michael Porter Jr.,Brooklyn Nets,East,Atlantic,6,10,82,28,17,2026-10-09
Drake Powell,Brooklyn Nets,East,Atlantic,6,5,77,21,4,2026-10-09
Julius Randle,Brooklyn Nets,East,Atlantic,6,9,81,31,30,2026-10-09
Ben Saraf,Brooklyn Nets,East,Atlantic,6,6,78,20,77,2026-10-09
Day'Ron Sharpe,Brooklyn Nets,East,Atlantic,6,10,82,24,20,2026-10-09
Nolan Traore,Brooklyn Nets,East,Atlantic,6,3,75,20,10,2026-10-09
Moritz Wagner,Brooklyn Nets,East,Atlantic,6,11,83,29,13,2026-10-09
Danny Wolf,Brooklyn Nets,East,Atlantic,6,11,83,22,2,2026-10-09
Grayson Allen,Charlotte Hornets,East,Southeast,6,3,75,31,8,2026-10-09
Christian Anderson,Charlotte Hornets,East,Southeast,6,1,73,20,5,2026-10-09
Kylan Boswell,Charlotte Hornets,East,Southeast,6,1,73,21,18,2026-10-09
Pat Connaughton,Charlotte Hornets,East,Southeast,6,5,77,33,21,2026-10-09
Moussa Diabate,Charlotte Hornets,East,Southeast,6,10,82,24,14,2026-10-09
Wyatt Fricks,Charlotte Hornets,East,Southeast,6,9,81,23,23,2026-10-09
PJ Hall,Charlotte Hornets,East,Southeast,6,8,80,24,16,2026-10-09
Sion James,Charlotte Hornets,East,Southeast,6,5,77,23,4,2026-10-09
Jarkel Joiner,Charlotte Hornets,East,Southeast,6,1,73,27,20,2026-10-09
Ryan Kalkbrenner,Charlotte Hornets,East,Southeast,7,1,85,24,11,2026-10-09
Kon Knueppel,Charlotte Hornets,East,Southeast,6,6,78,21,7,2026-10-09
Liam McNeeley,Charlotte Hornets,East,Southeast,6,7,79,20,33,2026-10-09
Brandon Miller,Charlotte Hornets,East,Southeast,6,7,79,23,24,2026-10-09
Royce O'Neale,Charlotte Hornets,East,Southeast,6,6,78,33,00,2026-10-09
Naz Reid,Charlotte Hornets,East,Southeast,6,9,81,27,0,2026-10-09
Tidjane Salaun,Charlotte Hornets,East,Southeast,6,10,82,21,31,2026-10-09
Dennis Schroder,Charlotte Hornets,East,Southeast,6,1,73,33,17,2026-10-09
Hannes Steinbach,Charlotte Hornets,East,Southeast,6,10,82,20,22,2026-10-09
Coby White,Charlotte Hornets,East,Southeast,6,4,76,26,3,2026-10-09
Grant Williams,Charlotte Hornets,East,Southeast,6,7,79,27,2,2026-10-09
Tobe Awaka,Chicago Bulls,East,Central,6,8,80,22,19,2026-10-09
Brandon Boston Jr.,Chicago Bulls,East,Central,6,6,78,24,13,2026-10-09
Jalen Bridges,Chicago Bulls,East,Central,6,7,79,25,,2026-10-09
Matas Buzelis,Chicago Bulls,East,Central,6,8,80,21,14,2026-10-09
Nic Claxton,Chicago Bulls,East,Central,6,11,83,27,9,2026-10-09
Zach Collins,Chicago Bulls,East,Central,6,9,81,28,12,2026-10-09
Noa Essengue,Chicago Bulls,East,Central,6,11,83,19,2,2026-10-09
Josh Giddey,Chicago Bulls,East,Central,6,7,79,23,3,2026-10-09
Jordan Hawkins,Chicago Bulls,East,Central,6,5,77,24,,2026-10-09
Buddy Hield,Chicago Bulls,East,Central,6,4,76,33,,2026-10-09
Tre Jones,Chicago Bulls,East,Central,6,1,73,26,30,2026-10-09
Leonard Miller,Chicago Bulls,East,Central,6,10,82,22,11,2026-10-09
Isaac Okoro,Chicago Bulls,East,Central,6,4,76,25,35,2026-10-09
Drew Peterson,Chicago Bulls,East,Central,6,8,80,26,21,2026-10-09
Norman Powell,Chicago Bulls,East,Central,6,4,76,33,24,2026-10-09
Orlando Robinson,Chicago Bulls,East,Central,6,10,82,26,00,2026-10-09
Jaylin Sellers,Chicago Bulls,East,Central,6,5,77,23,22,2026-10-09
Jalen Smith,Chicago Bulls,East,Central,6,8,80,26,25,2026-10-09
Isaiah Stevens,Chicago Bulls,East,Central,5,11,71,25,,2026-10-09
Dailyn Swain,Chicago Bulls,East,Central,6,7,79,21,5,2026-10-09
Patrick Williams,Chicago Bulls,East,Central,6,6,78,25,44,2026-10-09
Caleb Wilson,Chicago Bulls,East,Central,6,9,81,20,8,2026-10-09
Rashaun Agee,Cleveland Cavaliers,East,Central,6,8,80,25,19,2026-10-09
Jarrett Allen,Cleveland Cavaliers,East,Central,6,9,81,28,31,2026-10-09
Zack Austin,Cleveland Cavaliers,East,Central,6,5,77,25,55,2026-10-09
Thomas Bryant,Cleveland Cavaliers,East,Central,6,9,81,29,3,2026-10-09
Khalifa Diop,Cleveland Cavaliers,East,Central,6,11,83,24,18,2026-10-09
Tristan Enaruna,Cleveland Cavaliers,East,Central,6,8,80,25,21,2026-10-09
James Harden,Cleveland Cavaliers,East,Central,6,5,77,37,1,2026-10-09
Mario Hezonja,Cleveland Cavaliers,East,Central,6,8,80,31,33,2026-10-09
Curtis Jones,Cleveland Cavaliers,East,Central,6,3,75,25,14,2026-10-09
Sam Merrill,Cleveland Cavaliers,East,Central,6,4,76,30,5,2026-10-09
Riley Minix,Cleveland Cavaliers,East,Central,6,7,79,26,12,2026-10-09
Donovan Mitchell,Cleveland Cavaliers,East,Central,6,2,74,30,45,2026-10-09
Evan Mobley,Cleveland Cavaliers,East,Central,6,11,83,25,4,2026-10-09
Craig Porter Jr.,Cleveland Cavaliers,East,Central,6,1,73,26,9,2026-10-09
Tyrese Proctor,Cleveland Cavaliers,East,Central,6,4,76,22,24,2026-10-09
Kadary Richmond,Cleveland Cavaliers,East,Central,6,6,78,25,16,2026-10-09
Meleek Thomas,Cleveland Cavaliers,East,Central,6,3,75,20,15,2026-10-09
Nae'Qwan Tomlin,Cleveland Cavaliers,East,Central,6,8,80,25,35,2026-10-09
Jaylon Tyson,Cleveland Cavaliers,East,Central,6,6,78,23,20,2026-10-09
Ernest Udeh Jr.,Cleveland Cavaliers,East,Central,6,11,83,22,39,2026-10-09
Peyton Watson,Cleveland Cavaliers,East,Central,6,8,80,24,8,2026-10-09
Santi Aldama,Dallas Mavericks,West,Southwest,7,0,84,25,34,2026-10-09
Tarik Biberovic,Dallas Mavericks,West,Southwest,6,7,79,25,13,2026-10-09
Max Christie,Dallas Mavericks,West,Southwest,6,5,77,23,0,2026-10-09
Moussa Cisse,Dallas Mavericks,West,Southwest,6,11,83,24,30,2026-10-09
Sergio de Larrea,Dallas Mavericks,West,Southwest,6,7,79,20,55,2026-10-09
Cooper Flagg,Dallas Mavericks,West,Southwest,6,9,81,19,32,2026-10-09
Daniel Gafford,Dallas Mavericks,West,Southwest,6,10,82,28,21,2026-10-09
Jett Howard,Dallas Mavericks,West,Southwest,6,8,80,23,9,2026-10-09
Kyrie Irving,Dallas Mavericks,West,Southwest,6,2,74,34,11,2026-10-09
Morez Johnson Jr.,Dallas Mavericks,West,Southwest,6,9,81,20,14,2026-10-09
Tobi Lawal,Dallas Mavericks,West,Southwest,6,8,80,23,33,2026-10-09
Dereck Lively II,Dallas Mavericks,West,Southwest,7,1,85,22,2,2026-10-09
Seth Lundy,Dallas Mavericks,West,Southwest,6,4,76,26,5,2026-10-09
Naji Marshall,Dallas Mavericks,West,Southwest,6,6,78,28,3,2026-10-09
Caleb Martin,Dallas Mavericks,West,Southwest,6,5,77,31,16,2026-10-09
John Poulakidas,Dallas Mavericks,West,Southwest,6,6,78,23,1,2026-10-09
Dwight Powell,Dallas Mavericks,West,Southwest,6,10,82,35,7,2026-10-09
Zaccharie Risacher,Dallas Mavericks,West,Southwest,6,8,80,21,10,2026-10-09
Marcus Sasser,Dallas Mavericks,West,Southwest,6,1,73,26,8,2026-10-09
P.J. Washington,Dallas Mavericks,West,Southwest,6,7,79,28,25,2026-10-09
Marvin Bagley III,Denver Nuggets,West,Northwest,6,10,82,27,3,2026-10-09
Christian Braun,Denver Nuggets,West,Northwest,6,6,78,25,0,2026-10-09
Trevon Brazile,Denver Nuggets,West,Northwest,6,10,82,23,7,2026-10-09
DeMar DeRozan,Denver Nuggets,West,Northwest,6,6,78,37,10,2026-10-09
Alpha Diallo,Denver Nuggets,West,Northwest,6,7,79,29,11,2026-10-09
Dane Goodwin,Denver Nuggets,West,Northwest,6,6,78,26,20,2026-10-09
Aaron Gordon,Denver Nuggets,West,Northwest,6,8,80,31,32,2026-10-09
Coleman Hawkins,Denver Nuggets,West,Northwest,6,10,82,24,43,2026-10-09
DaRon Holmes II,Denver Nuggets,West,Northwest,6,9,81,24,14,2026-10-09
Bryce Hopkins,Denver Nuggets,West,Northwest,6,7,79,24,13,2026-10-09
Cameron Johnson,Denver Nuggets,West,Northwest,6,8,80,30,23,2026-10-09
Nikola Jokic,Denver Nuggets,West,Northwest,6,11,83,31,15,2026-10-09
Spencer Jones,Denver Nuggets,West,Northwest,6,7,79,25,21,2026-10-09
Tyus Jones,Denver Nuggets,West,Northwest,6,0,72,30,5,2026-10-09
Emanuel Miller,Denver Nuggets,West,Northwest,6,7,79,26,8,2026-10-09
Jamal Murray,Denver Nuggets,West,Northwest,6,4,76,29,27,2026-10-09
Ryan Nembhard,Denver Nuggets,West,Northwest,5,11,71,23,,2026-10-09
Zeke Nnaji,Denver Nuggets,West,Northwest,6,10,82,25,22,2026-10-09
Julian Strawther,Denver Nuggets,West,Northwest,6,6,78,24,1,2026-10-09
Lonnie Walker IV,Denver Nuggets,West,Northwest,6,4,76,27,4,2026-10-09
Cam Whitmore,Denver Nuggets,West,Northwest,6,6,78,22,00,2026-10-09
John Collins,Detroit Pistons,East,Central,6,9,81,29,20,2026-10-09
Cade Cunningham,Detroit Pistons,East,Central,6,6,78,25,2,2026-10-09
Jalen Duren,Detroit Pistons,East,Central,6,10,82,22,0,2026-10-09
Javonte Green,Detroit Pistons,East,Central,6,5,77,33,31,2026-10-09
Elijah Harkless,Detroit Pistons,East,Central,6,3,75,26,94,2026-10-09
Ronald Holland II,Detroit Pistons,East,Central,6,8,80,21,5,2026-10-09
Kevin Huerter,Detroit Pistons,East,Central,6,6,78,28,27,2026-10-09
Daniss Jenkins,Detroit Pistons,East,Central,6,4,76,25,24,2026-10-09
Isaiah Joe,Detroit Pistons,East,Central,6,4,76,27,17,2026-10-09
Isaac Jones,Detroit Pistons,East,Central,6,8,80,26,13,2026-10-09
Chaz Lanier,Detroit Pistons,East,Central,6,3,75,24,8,2026-10-09
Ebuka Okorie,Detroit Pistons,East,Central,6,2,74,19,23,2026-10-09
Ugonna Onyenso,Detroit Pistons,East,Central,7,0,84,22,34,2026-10-09
Taurean Prince,Detroit Pistons,East,Central,6,6,78,32,12,2026-10-09
Paul Reed,Detroit Pistons,East,Central,6,9,81,27,7,2026-10-09
Duncan Robinson,Detroit Pistons,East,Central,6,7,79,32,55,2026-10-09
Tolu Smith,Detroit Pistons,East,Central,6,11,83,26,35,2026-10-09
Ausar Thompson,Detroit Pistons,East,Central,6,7,79,23,9,2026-10-09
Brice Williams,Detroit Pistons,East,Central,6,5,77,25,25,2026-10-09
Charles Bassey,Golden State Warriors,West,Pacific,6,10,82,25,28,2026-10-09
Jimmy Butler III,Golden State Warriors,West,Pacific,6,6,78,37,10,2026-10-09
LJ Cryer,Golden State Warriors,West,Pacific,6,0,72,24,18,2026-10-09
Stephen Curry,Golden State Warriors,West,Pacific,6,2,74,38,30,2026-10-09
Draymond Green,Golden State Warriors,West,Pacific,6,6,78,36,23,2026-10-09
Al Horford,Golden State Warriors,West,Pacific,6,8,80,40,20,2026-10-09
Graham Ike,Golden State Warriors,West,Pacific,6,9,81,24,,2026-10-09
Miles Kelly,Golden State Warriors,West,Pacific,6,5,77,23,26,2026-10-09
Yaxel Lendeborg,Golden State Warriors,West,Pacific,6,9,81,24,1,2026-10-09
Malevy Leons,Golden State Warriors,West,Pacific,6,9,81,27,33,2026-10-09
De'Anthony Melton,Golden State Warriors,West,Pacific,6,2,74,28,8,2026-10-09
Moses Moody,Golden State Warriors,West,Pacific,6,5,77,24,4,2026-10-09
Georges Niang,Golden State Warriors,West,Pacific,6,6,78,33,32,2026-10-09
Gary Payton II,Golden State Warriors,West,Pacific,6,2,74,33,0,2026-10-09
Brandin Podziemski,Golden State Warriors,West,Pacific,6,4,76,23,2,2026-10-09
Kristaps Porzingis,Golden State Warriors,West,Pacific,7,2,86,31,7,2026-10-09
Will Richard,Golden State Warriors,West,Pacific,6,3,75,23,3,2026-10-09
Gui Santos,Golden State Warriors,West,Pacific,6,7,79,24,15,2026-10-09
Dalen Terry,Golden State Warriors,West,Pacific,6,6,78,24,21,2026-10-09
Alex Toohey,Golden State Warriors,West,Pacific,6,8,80,22,22,2026-10-09
Brandon Williams,Golden State Warriors,West,Pacific,6,1,73,26,12,2026-10-09
Steven Adams,Houston Rockets,West,Southwest,6,11,83,33,12,2026-10-09
Bogdan Bogdanovic,Houston Rockets,West,Southwest,6,5,77,34,31,2026-10-09
Clint Capela,Houston Rockets,West,Southwest,6,10,82,32,30,2026-10-09
Quadir Copeland,Houston Rockets,West,Southwest,6,6,78,23,25,2026-10-09
Isaiah Crawford,Houston Rockets,West,Southwest,6,6,78,24,27,2026-10-09
Kevin Durant,Houston Rockets,West,Southwest,6,11,83,38,7,2026-10-09
Tari Eason,Houston Rockets,West,Southwest,6,8,80,25,17,2026-10-09
Sean Pedulla,Houston Rockets,West,Southwest,6,1,73,23,0,2026-10-09
Julian Phillips,Houston Rockets,West,Southwest,6,6,78,22,3,2026-10-09
Alperen Sengun,Houston Rockets,West,Southwest,6,11,83,24,28,2026-10-09
Reed Sheppard,Houston Rockets,West,Southwest,6,2,74,22,15,2026-10-09
Marcus Smart,Houston Rockets,West,Southwest,6,3,75,32,36,2026-10-09
Jabari Smith Jr.,Houston Rockets,West,Southwest,6,11,83,23,10,2026-10-09
Jae'Sean Tate,Houston Rockets,West,Southwest,6,4,76,30,8,2026-10-09
Amen Thompson,Houston Rockets,West,Southwest,6,7,79,23,1,2026-10-09
Bruce Thornton,Houston Rockets,West,Southwest,6,0,72,23,2,2026-10-09
Oscar Tshiebwe,Houston Rockets,West,Southwest,6,8,80,26,9,2026-10-09
Fred VanVleet,Houston Rockets,West,Southwest,6,0,72,32,5,2026-10-09
Kobe Brown,Indiana Pacers,East,Central,6,7,79,26,24,2026-10-09
Johnny Furphy,Indiana Pacers,East,Central,6,8,80,21,12,2026-10-09
Tyrese Haliburton,Indiana Pacers,East,Central,6,5,77,26,0,2026-10-09
Jay Huff,Indiana Pacers,East,Central,7,1,85,29,32,2026-10-09
Quenton Jackson,Indiana Pacers,East,Central,6,4,76,28,29,2026-10-09
James Johnson,Indiana Pacers,East,Central,6,7,79,39,16,2026-10-09
T.J. McConnell,Indiana Pacers,East,Central,6,1,73,34,9,2026-10-09
Larry Nance Jr.,Indiana Pacers,East,Central,6,6,78,33,22,2026-10-09
Andrew Nembhard,Indiana Pacers,East,Central,6,4,76,26,2,2026-10-09
Aaron Nesmith,Indiana Pacers,East,Central,6,5,77,26,23,2026-10-09
Kelly Oubre Jr.,Indiana Pacers,East,Central,6,8,80,30,10,2026-10-09
Ben Sheppard,Indiana Pacers,East,Central,6,6,78,25,26,2026-10-09
Pascal Siakam,Indiana Pacers,East,Central,6,8,80,32,43,2026-10-09
Jalen Slawson,Indiana Pacers,East,Central,6,7,79,26,18,2026-10-09
Braden Smith,Indiana Pacers,East,Central,5,10,70,23,18,2026-10-09
Obi Toppin,Indiana Pacers,East,Central,6,9,81,28,1,2026-10-09
Jarace Walker,Indiana Pacers,East,Central,6,7,79,23,5,2026-10-09
Ivica Zubac,Indiana Pacers,East,Central,7,0,84,29,40,2026-10-09
Bradley Beal,Los Angeles Clippers,West,Pacific,6,4,76,33,3,2026-10-09
Cam Christie,Los Angeles Clippers,West,Pacific,6,5,77,21,24,2026-10-09
Gradey Dick,Los Angeles Clippers,West,Pacific,6,7,79,22,9,2026-10-09
Kris Dunn,Los Angeles Clippers,West,Pacific,6,3,75,32,8,2026-10-09
Darius Garland,Los Angeles Clippers,West,Pacific,6,1,73,26,10,2026-10-09
Rui Hachimura,Los Angeles Clippers,West,Pacific,6,8,80,28,28,2026-10-09
Brandon Ingram,Los Angeles Clippers,West,Pacific,6,8,80,29,7,2026-10-09
Isaiah Jackson,Los Angeles Clippers,West,Pacific,6,8,80,24,23,2026-10-09
Derrick Jones Jr.,Los Angeles Clippers,West,Pacific,6,6,78,29,5,2026-10-09
Yuki Kawamura,Los Angeles Clippers,West,Pacific,5,7,67,25,17,2026-10-09
Brook Lopez,Los Angeles Clippers,West,Pacific,7,1,85,38,11,2026-10-09
Nick Martinelli,Los Angeles Clippers,West,Pacific,6,7,79,22,12,2026-10-09
Baba Miller,Los Angeles Clippers,West,Pacific,6,11,83,22,18,2026-10-09
Jordan Miller,Los Angeles Clippers,West,Pacific,6,5,77,26,22,2026-10-09
Yanic Konan Niederhauser,Los Angeles Clippers,West,Pacific,6,11,83,23,14,2026-10-09
Jalen Pickett,Los Angeles Clippers,West,Pacific,6,2,74,26,21,2026-10-09
Kobe Sanders,Los Angeles Clippers,West,Pacific,6,8,80,24,4,2026-10-09
Max Strus,Los Angeles Clippers,West,Pacific,6,5,77,30,31,2026-10-09
Keaton Wagler,Los Angeles Clippers,West,Pacific,6,5,77,19,1,2026-10-09
Blake Wesley,Los Angeles Clippers,West,Pacific,6,4,76,23,20,2026-10-09
Cameron Carr,Los Angeles Lakers,West,Pacific,6,5,77,21,43,2026-10-09
Luka Doncic,Los Angeles Lakers,West,Pacific,6,8,80,27,77,2026-10-09
Quentin Grimes,Los Angeles Lakers,West,Pacific,6,4,76,26,5,2026-10-09
Jaden Hardy,Los Angeles Lakers,West,Pacific,6,3,75,24,7,2026-10-09
Bronny James,Los Angeles Lakers,West,Pacific,6,2,74,22,9,2026-10-09
Arthur Kaluma,Los Angeles Lakers,West,Pacific,6,6,78,24,47,2026-10-09
Walker Kessler,Los Angeles Lakers,West,Pacific,7,2,86,25,14,2026-10-09
Dalton Knecht,Los Angeles Lakers,West,Pacific,6,6,78,25,4,2026-10-09
William Kyle III,Los Angeles Lakers,West,Pacific,6,9,81,22,45,2026-10-09
Jake LaRavia,Los Angeles Lakers,West,Pacific,6,7,79,24,12,2026-10-09
Kevon Looney,Los Angeles Lakers,West,Pacific,6,9,81,30,55,2026-10-09
Sandro Mamukelashvili,Los Angeles Lakers,West,Pacific,6,9,81,27,54,2026-10-09
Chris Manon,Los Angeles Lakers,West,Pacific,6,4,76,24,30,2026-10-09
AK Okereke,Los Angeles Lakers,West,Pacific,6,7,79,23,31,2026-10-09
Austin Reaves,Los Angeles Lakers,West,Pacific,6,5,77,28,15,2026-10-09
Collin Sexton,Los Angeles Lakers,West,Pacific,6,3,75,27,10,2026-10-09
Cole Swider,Los Angeles Lakers,West,Pacific,6,8,80,27,41,2026-10-09
Adou Thiero,Los Angeles Lakers,West,Pacific,6,8,80,22,1,2026-10-09
Matisse Thybulle,Los Angeles Lakers,West,Pacific,6,5,77,29,26,2026-10-09
Jarred Vanderbilt,Los Angeles Lakers,West,Pacific,6,8,80,27,2,2026-10-09
Ziaire Williams,Los Angeles Lakers,West,Pacific,6,9,81,25,11,2026-10-09
Cameron Boozer,Memphis Grizzlies,West,Southwest,6,8,80,19,27,2026-10-09
Walter Clayton Jr.,Memphis Grizzlies,West,Southwest,6,4,76,23,4,2026-10-09
Carson Cooper,Memphis Grizzlies,West,Southwest,6,11,83,22,20,2026-10-09
Cedric Coward,Memphis Grizzlies,West,Southwest,6,5,77,23,23,2026-10-09
Zach Edey,Memphis Grizzlies,West,Southwest,7,3,87,24,14,2026-10-09
Jerami Grant,Memphis Grizzlies,West,Southwest,6,7,79,32,3,2026-10-09
Taylor Hendricks,Memphis Grizzlies,West,Southwest,6,9,81,22,22,2026-10-09
GG Jackson,Memphis Grizzlies,West,Southwest,6,9,81,21,45,2026-10-09
Ty Jerome,Memphis Grizzlies,West,Southwest,6,5,77,29,2,2026-10-09
Karim Lopez,Memphis Grizzlies,West,Southwest,6,8,80,19,35,2026-10-09
Jahmai Mashack,Memphis Grizzlies,West,Southwest,6,3,75,23,21,2026-10-09
Kris Murray,Memphis Grizzlies,West,Southwest,6,8,80,26,17,2026-10-09
Micah Peavy,Memphis Grizzlies,West,Southwest,6,7,79,25,7,2026-10-09
Scotty Pippen Jr.,Memphis Grizzlies,West,Southwest,6,2,74,25,1,2026-10-09
Quinten Post,Memphis Grizzlies,West,Southwest,7,0,84,26,41,2026-10-09
Olivier-Maxence Prosper,Memphis Grizzlies,West,Southwest,6,7,79,24,18,2026-10-09
Javon Small,Memphis Grizzlies,West,Southwest,6,1,73,23,10,2026-10-09
Cam Spencer,Memphis Grizzlies,West,Southwest,6,3,75,26,24,2026-10-09
Isaiah Stewart,Memphis Grizzlies,West,Southwest,6,8,80,25,28,2026-10-09
Jaylen Wells,Memphis Grizzlies,West,Southwest,6,7,79,23,0,2026-10-09
Bam Adebayo,Miami Heat,East,Southeast,6,9,81,29,13,2026-10-09
Giannis Antetokounmpo,Miami Heat,East,Southeast,6,11,83,31,7,2026-10-09
Ryan Conwell,Miami Heat,East,Southeast,6,3,75,22,4,2026-10-09
Tre Donaldson,Miami Heat,East,Southeast,6,2,74,22,24,2026-10-09
Simone Fontecchio,Miami Heat,East,Southeast,6,7,79,30,0,2026-10-09
Myron Gardner,Miami Heat,East,Southeast,6,5,77,25,15,2026-10-09
Vladislav Goldin,Miami Heat,East,Southeast,7,0,84,25,50,2026-10-09
Tim Hardaway Jr.,Miami Heat,East,Southeast,6,5,77,34,10,2026-10-09
Keshad Johnson,Miami Heat,East,Southeast,6,6,78,25,16,2026-10-09
Nikola Jovic,Miami Heat,East,Southeast,6,10,82,23,5,2026-10-09
Kylor Kelley,Miami Heat,East,Southeast,7,0,84,29,,2026-10-09
Pelle Larsson,Miami Heat,East,Southeast,6,5,77,25,9,2026-10-09
Gabe Madsen,Miami Heat,East,Southeast,6,6,78,25,,2026-10-09
Bez Mbeng,Miami Heat,East,Southeast,6,4,76,23,19,2026-10-09
Davion Mitchell,Miami Heat,East,Southeast,6,0,72,28,45,2026-10-09
Bobby Portis,Miami Heat,East,Southeast,6,9,81,31,95,2026-10-09
Nick Richards,Miami Heat,East,Southeast,6,11,83,28,8,2026-10-09
Ian Schieffelin,Miami Heat,East,Southeast,6,8,80,23,20,2026-10-09
Dru Smith,Miami Heat,East,Southeast,6,2,74,28,12,2026-10-09
Klay Thompson,Miami Heat,East,Southeast,6,5,77,36,11,2026-10-09
Andrew Wiggins,Miami Heat,East,Southeast,6,7,79,31,22,2026-10-09
Nate Ament,Milwaukee Bucks,East,Central,6,10,82,19,15,2026-10-09
Johni Broome,Milwaukee Bucks,East,Central,6,10,82,24,,2026-10-09
Brayden Burries,Milwaukee Bucks,East,Central,6,4,76,21,0,2026-10-09
Ousmane Dieng,Milwaukee Bucks,East,Central,6,9,81,23,21,2026-10-09
AJ Green,Milwaukee Bucks,East,Central,6,4,76,27,20,2026-10-09
Tyler Herro,Milwaukee Bucks,East,Central,6,5,77,26,11,2026-10-09
Kasparas Jakucionis,Milwaukee Bucks,East,Central,6,5,77,20,25,2026-10-09
Jaime Jaquez Jr.,Milwaukee Bucks,East,Central,6,6,78,25,24,2026-10-09
Kam Jones,Milwaukee Bucks,East,Central,6,4,76,24,19,2026-10-09
Kyle Kuzma,Milwaukee Bucks,East,Central,6,8,80,31,18,2026-10-09
Caris LeVert,Milwaukee Bucks,East,Central,6,7,79,32,12,2026-10-09
Bogoljub Markovic,Milwaukee Bucks,East,Central,6,11,83,21,23,2026-10-09
Pete Nance,Milwaukee Bucks,East,Central,6,9,81,26,35,2026-10-09
Kevin Porter Jr.,Milwaukee Bucks,East,Central,6,5,77,26,7,2026-10-09
Ryan Rollins,Milwaukee Bucks,East,Central,6,3,75,24,13,2026-10-09
Cormac Ryan,Milwaukee Bucks,East,Central,6,5,77,27,30,2026-10-09
Jericho Sims,Milwaukee Bucks,East,Central,6,10,82,27,00,2026-10-09
Jake Stephens,Milwaukee Bucks,East,Central,7,0,84,26,88,2026-10-09
Gary Trent Jr.,Milwaukee Bucks,East,Central,6,5,77,27,5,2026-10-09
Myles Turner,Milwaukee Bucks,East,Central,6,11,83,30,3,2026-10-09
Kel'el Ware,Milwaukee Bucks,East,Central,7,0,84,22,9,2026-10-09
LaMelo Ball,Minnesota Timberwolves,West,Northwest,6,7,79,25,1,2026-10-09
Joan Beringer,Minnesota Timberwolves,West,Northwest,6,11,83,19,19,2026-10-09
Jaylen Clark,Minnesota Timberwolves,West,Northwest,6,5,77,24,7,2026-10-09
Donte DiVincenzo,Minnesota Timberwolves,West,Northwest,6,4,76,29,0,2026-10-09
Ayo Dosunmu,Minnesota Timberwolves,West,Northwest,6,4,76,26,13,2026-10-09
Anthony Edwards,Minnesota Timberwolves,West,Northwest,6,4,76,25,5,2026-10-09
Isaiah Evans,Minnesota Timberwolves,West,Northwest,6,6,78,20,33,2026-10-09
Enrique Freeman,Minnesota Timberwolves,West,Northwest,6,9,81,26,25,2026-10-09
Rudy Gobert,Minnesota Timberwolves,West,Northwest,7,1,85,34,27,2026-10-09
Bones Hyland,Minnesota Timberwolves,West,Northwest,6,2,74,26,8,2026-10-09
Jonathan Kuminga,Minnesota Timberwolves,West,Northwest,6,7,79,24,24,2026-10-09
Trey Lyles,Minnesota Timberwolves,West,Northwest,6,9,81,30,41,2026-10-09
KJ Martin,Minnesota Timberwolves,West,Northwest,6,6,78,25,99,2026-10-09
Jaden McDaniels,Minnesota Timberwolves,West,Northwest,6,9,81,26,3,2026-10-09
Norchad Omier,Minnesota Timberwolves,West,Northwest,6,5,77,25,,2026-10-09
Zyon Pullin,Minnesota Timberwolves,West,Northwest,6,4,76,25,15,2026-10-09
Antonio Reeves,Minnesota Timberwolves,West,Northwest,6,5,77,25,12,2026-10-09
Terrence Shannon Jr.,Minnesota Timberwolves,West,Northwest,6,6,78,26,4,2026-10-09
Drew Timme,Minnesota Timberwolves,West,Northwest,6,10,82,26,17,2026-10-09
Cody Williams,Minnesota Timberwolves,West,Northwest,6,8,80,21,9,2026-10-09
Rocco Zikarsky,Minnesota Timberwolves,West,Northwest,7,3,87,20,44,2026-10-09
Saddiq Bey,New Orleans Pelicans,West,Southwest,6,8,80,27,41,2026-10-09
Kobe Bufkin,New Orleans Pelicans,West,Southwest,6,4,76,23,4,2026-10-09
Malik Dia,New Orleans Pelicans,West,Southwest,6,9,81,22,8,2026-10-09
Jeremiah Fears,New Orleans Pelicans,West,Southwest,6,3,75,19,0,2026-10-09
Caleb Houstan,New Orleans Pelicans,West,Southwest,6,8,80,23,33,2026-10-09
AJ Johnson,New Orleans Pelicans,West,Southwest,6,5,77,21,14,2026-10-09
Herbert Jones,New Orleans Pelicans,West,Southwest,6,7,79,28,2,2026-10-09
DeAndre Jordan,New Orleans Pelicans,West,Southwest,6,11,83,38,6,2026-10-09
Christian Koloko,New Orleans Pelicans,West,Southwest,6,11,83,26,35,2026-10-09
Bennedict Mathurin,New Orleans Pelicans,West,Southwest,6,5,77,24,24,2026-10-09
Karlo Matkovic,New Orleans Pelicans,West,Southwest,6,10,82,25,17,2026-10-09
Bryce McGowens,New Orleans Pelicans,West,Southwest,6,6,78,23,11,2026-10-09
Yves Missi,New Orleans Pelicans,West,Southwest,6,11,83,22,21,2026-10-09
Trey Murphy III,New Orleans Pelicans,West,Southwest,6,8,80,26,25,2026-10-09
Dejounte Murray,New Orleans Pelicans,West,Southwest,6,4,76,30,5,2026-10-09
Jaron Pierre Jr.,New Orleans Pelicans,West,Southwest,6,6,78,24,10,2026-10-09
Jordan Poole,New Orleans Pelicans,West,Southwest,6,4,76,27,3,2026-10-09
Derik Queen,New Orleans Pelicans,West,Southwest,6,9,81,21,22,2026-10-09
Julian Reese,New Orleans Pelicans,West,Southwest,6,9,81,23,13,2026-10-09
Trendon Watford,New Orleans Pelicans,West,Southwest,6,8,80,25,9,2026-10-09
Zion Williamson,New Orleans Pelicans,West,Southwest,6,6,78,26,1,2026-10-09
Ochai Agbaji,New York Knicks,East,Atlantic,6,5,77,26,30,2026-10-09
Jaden Akins,New York Knicks,East,Atlantic,6,4,76,23,14,2026-10-09
Jose Alvarado,New York Knicks,East,Atlantic,6,0,72,28,5,2026-10-09
OG Anunoby,New York Knicks,East,Atlantic,6,7,79,29,8,2026-10-09
Tony Bradley,New York Knicks,East,Atlantic,6,10,82,28,18,2026-10-09
Mikal Bridges,New York Knicks,East,Atlantic,6,6,78,30,25,2026-10-09
Bruce Brown,New York Knicks,East,Atlantic,6,4,76,30,1,2026-10-09
Jalen Brunson,New York Knicks,East,Atlantic,6,2,74,30,11,2026-10-09
Jordan Clarkson,New York Knicks,East,Atlantic,6,5,77,34,00,2026-10-09
Pacome Dadiet,New York Knicks,East,Atlantic,6,9,81,21,4,2026-10-09
Mohamed Diawara,New York Knicks,East,Atlantic,6,9,81,21,51,2026-10-09
Andre Drummond,New York Knicks,East,Atlantic,6,11,83,33,0,2026-10-09
Drew Eubanks,New York Knicks,East,Atlantic,6,10,82,29,19,2026-10-09
Josh Hart,New York Knicks,East,Atlantic,6,5,77,31,3,2026-10-09
Tyler Kolek,New York Knicks,East,Atlantic,6,2,74,25,13,2026-10-09
Miles McBride,New York Knicks,East,Atlantic,6,2,74,26,2,2026-10-09
Kevin McCullar Jr.,New York Knicks,East,Atlantic,6,6,78,25,9,2026-10-09
Tyler Nickel,New York Knicks,East,Atlantic,6,8,80,23,55,2026-10-09
Landry Shamet,New York Knicks,East,Atlantic,6,5,77,29,44,2026-10-09
Karl-Anthony Towns,New York Knicks,East,Atlantic,7,0,84,30,32,2026-10-09
James Wiseman,New York Knicks,East,Atlantic,6,11,83,25,35,2026-10-09
Brooks Barnhizer,Oklahoma City Thunder,West,Northwest,6,6,78,24,23,2026-10-09
Alex Caruso,Oklahoma City Thunder,West,Northwest,6,5,77,32,9,2026-10-09
Josh Dix,Oklahoma City Thunder,West,Northwest,6,5,77,22,21,2026-10-09
Shai Gilgeous-Alexander,Oklahoma City Thunder,West,Northwest,6,6,78,28,2,2026-10-09
Isaiah Hartenstein,Oklahoma City Thunder,West,Northwest,7,0,84,28,55,2026-10-09
Andrew Holifield,Oklahoma City Thunder,West,Northwest,6,8,80,22,17,2026-10-09
Chet Holmgren,Oklahoma City Thunder,West,Northwest,7,1,85,24,7,2026-10-09
Aday Mara,Oklahoma City Thunder,West,Northwest,7,3,87,21,15,2026-10-09
Jared McCain,Oklahoma City Thunder,West,Northwest,6,3,75,22,3,2026-10-09
Ajay Mitchell,Oklahoma City Thunder,West,Northwest,6,4,76,24,25,2026-10-09
Otega Oweh,Oklahoma City Thunder,West,Northwest,6,4,76,23,13,2026-10-09
Anthony Pritchard,Oklahoma City Thunder,West,Northwest,6,1,73,23,5,2026-10-09
Zhaire Smith,Oklahoma City Thunder,West,Northwest,6,3,75,27,40,2026-10-09
Thomas Sorber,Oklahoma City Thunder,West,Northwest,6,9,81,20,12,2026-10-09
Bennett Stirtz,Oklahoma City Thunder,West,Northwest,6,4,76,23,14,2026-10-09
Christoph Tilly,Oklahoma City Thunder,West,Northwest,7,0,84,23,33,2026-10-09
Nikola Topic,Oklahoma City Thunder,West,Northwest,6,6,78,21,44,2026-10-09
Cason Wallace,Oklahoma City Thunder,West,Northwest,6,3,75,22,22,2026-10-09
Jalen Williams,Oklahoma City Thunder,West,Northwest,6,5,77,25,8,2026-10-09
Jaylin Williams,Oklahoma City Thunder,West,Northwest,6,9,81,24,6,2026-10-09
Kenrich Williams,Oklahoma City Thunder,West,Northwest,6,7,79,31,34,2026-10-09
Paolo Banchero,Orlando Magic,East,Southeast,6,10,82,23,5,2026-10-09
Desmond Bane,Orlando Magic,East,Southeast,6,6,78,28,3,2026-10-09
Goga Bitadze,Orlando Magic,East,Southeast,6,11,83,27,35,2026-10-09
Anthony Black,Orlando Magic,East,Southeast,6,7,79,22,0,2026-10-09
Malaki Branham,Orlando Magic,East,Southeast,6,4,76,23,12,2026-10-09
Jamal Cain,Orlando Magic,East,Southeast,6,7,79,27,8,2026-10-09
Jevon Carter,Orlando Magic,East,Southeast,6,0,72,31,2,2026-10-09
Wendell Carter Jr.,Orlando Magic,East,Southeast,6,10,82,27,34,2026-10-09
Colin Castleton,Orlando Magic,East,Southeast,6,10,82,26,14,2026-10-09
Tristan da Silva,Orlando Magic,East,Southeast,6,8,80,25,23,2026-10-09
JD Davison,Orlando Magic,East,Southeast,6,1,73,24,20,2026-10-09
Jonathan Isaac,Orlando Magic,East,Southeast,6,10,82,29,1,2026-10-09
Kevin Knox II,Orlando Magic,East,Southeast,6,8,80,27,24,2026-10-09
Alex Morales,Orlando Magic,East,Southeast,6,6,78,28,30,2026-10-09
Izaiyah Nelson,Orlando Magic,East,Southeast,6,8,80,23,25,2026-10-09
Noah Penda,Orlando Magic,East,Southeast,6,7,79,21,93,2026-10-09
Jase Richardson,Orlando Magic,East,Southeast,6,1,73,20,11,2026-10-09
Jalen Suggs,Orlando Magic,East,Southeast,6,5,77,25,4,2026-10-09
Nikola Vucevic,Orlando Magic,East,Southeast,6,9,81,35,9,2026-10-09
Franz Wagner,Orlando Magic,East,Southeast,6,10,82,25,22,2026-10-09
Dominick Barlow,Philadelphia 76ers,East,Atlantic,6,9,81,23,25,2026-10-09
Adem Bona,Philadelphia 76ers,East,Atlantic,6,10,82,23,30,2026-10-09
Jaylen Brown,Philadelphia 76ers,East,Atlantic,6,6,78,29,7,2026-10-09
Kentavious Caldwell-Pope,Philadelphia 76ers,East,Atlantic,6,5,77,33,1,2026-10-09
VJ Edgecombe,Philadelphia 76ers,East,Atlantic,6,5,77,21,77,2026-10-09
Justin Edwards,Philadelphia 76ers,East,Atlantic,6,7,79,22,11,2026-10-09
Joel Embiid,Philadelphia 76ers,East,Atlantic,7,0,84,32,21,2026-10-09
Tacko Fall,Philadelphia 76ers,East,Atlantic,7,6,90,30,99,2026-10-09
Ariel Hukporti,Philadelphia 76ers,East,Atlantic,7,0,84,24,55,2026-10-09
LeBron James,Philadelphia 76ers,East,Atlantic,6,9,81,41,23,2026-10-09
Dillon Jones,Philadelphia 76ers,East,Atlantic,6,5,77,24,35,2026-10-09
Caleb Love,Philadelphia 76ers,East,Atlantic,6,3,75,25,8,2026-10-09
Tyrese Maxey,Philadelphia 76ers,East,Atlantic,6,2,74,25,0,2026-10-09
Duke Miles,Philadelphia 76ers,East,Atlantic,6,1,73,24,31,2026-10-09
Jameer Nelson Jr.,Philadelphia 76ers,East,Atlantic,6,1,73,25,14,2026-10-09
Labaron Philon Jr.,Philadelphia 76ers,East,Atlantic,6,3,75,20,00,2026-10-09
Rayan Rupert,Philadelphia 76ers,East,Atlantic,6,7,79,22,12,2026-10-09
Anfernee Simons,Philadelphia 76ers,East,Atlantic,6,4,76,27,5,2026-10-09
Saint Thomas,Philadelphia 76ers,East,Atlantic,6,8,80,23,19,2026-10-09
Dean Wade,Philadelphia 76ers,East,Atlantic,6,9,81,29,45,2026-10-09
Jabari Walker,Philadelphia 76ers,East,Atlantic,6,7,79,24,33,2026-10-09
Devin Booker,Phoenix Suns,West,Pacific,6,5,77,29,15,2026-10-09
Jamaree Bouyea,Phoenix Suns,West,Pacific,6,2,74,27,17,2026-10-09
Koby Brea,Phoenix Suns,West,Pacific,6,6,78,23,14,2026-10-09
Miles Bridges,Phoenix Suns,West,Pacific,6,7,79,28,22,2026-10-09
Dillon Brooks,Phoenix Suns,West,Pacific,6,7,79,30,3,2026-10-09
Kennedy Chandler,Phoenix Suns,West,Pacific,5,11,71,24,2,2026-10-09
Ryan Dunn,Phoenix Suns,West,Pacific,6,7,79,23,0,2026-10-09
Rasheer Fleming,Phoenix Suns,West,Pacific,6,9,81,22,20,2026-10-09
Collin Gillespie,Phoenix Suns,West,Pacific,6,1,73,27,12,2026-10-09
Jordan Goodwin,Phoenix Suns,West,Pacific,6,3,75,27,23,2026-10-09
Jalen Green,Phoenix Suns,West,Pacific,6,4,76,24,4,2026-10-09
Haywood Highsmith,Phoenix Suns,West,Pacific,6,5,77,29,19,2026-10-09
CJ Huntley,Phoenix Suns,West,Pacific,6,10,82,24,21,2026-10-09
Oso Ighodaro,Phoenix Suns,West,Pacific,6,11,83,24,11,2026-10-09
Luke Kennard,Phoenix Suns,West,Pacific,6,5,77,30,8,2026-10-09
Khaman Maluach,Phoenix Suns,West,Pacific,7,2,86,20,10,2026-10-09
Koa Peat,Phoenix Suns,West,Pacific,6,8,80,19,18,2026-10-09
Duop Reath,Phoenix Suns,West,Pacific,6,9,81,30,26,2026-10-09
Pat Spencer,Phoenix Suns,West,Pacific,6,2,74,30,61,2026-10-09
Phillip Wheeler,Phoenix Suns,West,Pacific,6,8,80,24,,2026-10-09
Mark Williams,Phoenix Suns,West,Pacific,7,1,85,24,25,2026-10-09
Deni Avdija,Portland Trail Blazers,West,Northwest,6,8,80,25,8,2026-10-09
Toumani Camara,Portland Trail Blazers,West,Northwest,6,7,79,26,33,2026-10-09
Branden Carlson,Portland Trail Blazers,West,Northwest,7,0,84,27,10,2026-10-09
Sidy Cissoko,Portland Trail Blazers,West,Northwest,6,6,78,22,91,2026-10-09
Donovan Clingan,Portland Trail Blazers,West,Northwest,7,2,86,22,23,2026-10-09
Yang Hansen,Portland Trail Blazers,West,Northwest,7,1,85,21,16,2026-10-09
Scoot Henderson,Portland Trail Blazers,West,Northwest,6,3,75,22,00,2026-10-09
Jrue Holiday,Portland Trail Blazers,West,Northwest,6,4,76,36,5,2026-10-09
Jayson Kent,Portland Trail Blazers,West,Northwest,6,8,80,24,29,2026-10-09
Vit Krejci,Portland Trail Blazers,West,Northwest,6,8,80,26,27,2026-10-09
Damian Lillard,Portland Trail Blazers,West,Northwest,6,2,74,36,0,2026-10-09
Jaylen Martin,Portland Trail Blazers,West,Northwest,6,6,78,22,,2026-10-09
Ja Morant,Portland Trail Blazers,West,Northwest,6,2,74,27,1,2026-10-09
Micah Potter,Portland Trail Blazers,West,Northwest,6,9,81,28,9,2026-10-09
Shaedon Sharpe,Portland Trail Blazers,West,Northwest,6,5,77,23,17,2026-10-09
Jeremy Sochan,Portland Trail Blazers,West,Northwest,6,8,80,23,4,2026-10-09
John Tonje,Portland Trail Blazers,West,Northwest,6,5,77,25,2,2026-10-09
Robert Williams III,Portland Trail Blazers,West,Northwest,6,9,81,28,35,2026-10-09
Chris Youngblood,Portland Trail Blazers,West,Northwest,6,4,76,24,11,2026-10-09
Precious Achiuwa,Sacramento Kings,West,Pacific,6,8,80,27,9,2026-10-09
Darius Acuff Jr.,Sacramento Kings,West,Pacific,6,2,74,19,5,2026-10-09
Leaky Black,Sacramento Kings,West,Pacific,6,6,78,27,19,2026-10-09
Dylan Cardwell,Sacramento Kings,West,Pacific,6,10,82,24,32,2026-10-09
Nique Clifford,Sacramento Kings,West,Pacific,6,5,77,24,10,2026-10-09
Adam Flagler,Sacramento Kings,West,Pacific,6,1,73,26,20,2026-10-09
De'Andre Hunter,Sacramento Kings,West,Pacific,6,7,79,28,15,2026-10-09
Alex Karaban,Sacramento Kings,West,Pacific,6,7,79,23,33,2026-10-09
Zach LaVine,Sacramento Kings,West,Pacific,6,5,77,31,8,2026-10-09
Jonathan Mogbo,Sacramento Kings,West,Pacific,6,9,81,24,22,2026-10-09
Malik Monk,Sacramento Kings,West,Pacific,6,3,75,28,0,2026-10-09
Keegan Murray,Sacramento Kings,West,Pacific,6,8,80,26,13,2026-10-09
Tristen Newton,Sacramento Kings,West,Pacific,6,5,77,25,00,2026-10-09
Elfrid Payton,Sacramento Kings,West,Pacific,6,3,75,32,3,2026-10-09
Daeqwon Plowden,Sacramento Kings,West,Pacific,6,6,78,28,29,2026-10-09
Maxime Raynaud,Sacramento Kings,West,Pacific,7,1,85,23,42,2026-10-09
Domantas Sabonis,Sacramento Kings,West,Pacific,6,10,82,30,11,2026-10-09
Emanuel Sharp,Sacramento Kings,West,Pacific,6,3,75,22,34,2026-10-09
Ben Simmons,Sacramento Kings,West,Pacific,6,10,82,30,25,2026-10-09
Harrison Barnes,San Antonio Spurs,West,Southwest,6,7,79,34,40,2026-10-09
Maliq Brown,San Antonio Spurs,West,Southwest,6,9,81,22,15,2026-10-09
Carter Bryant,San Antonio Spurs,West,Southwest,6,7,79,20,11,2026-10-09
Stephon Castle,San Antonio Spurs,West,Southwest,6,6,78,21,5,2026-10-09
Julian Champagnie,San Antonio Spurs,West,Southwest,6,7,79,25,30,2026-10-09
RJ Davis,San Antonio Spurs,West,Southwest,6,0,72,24,14,2026-10-09
Jon Elmore,San Antonio Spurs,West,Southwest,6,3,75,30,33,2026-10-09
De'Aaron Fox,San Antonio Spurs,West,Southwest,6,3,75,28,4,2026-10-09
Ja'Kobi Gillespie,San Antonio Spurs,West,Southwest,6,1,73,22,17,2026-10-09
Dylan Harper,San Antonio Spurs,West,Southwest,6,5,77,20,2,2026-10-09
Tobias Harris,San Antonio Spurs,West,Southwest,6,8,80,34,23,2026-10-09
Keldon Johnson,San Antonio Spurs,West,Southwest,6,5,77,26,3,2026-10-09
David Jones Garcia,San Antonio Spurs,West,Southwest,6,4,76,24,25,2026-10-09
Luke Kornet,San Antonio Spurs,West,Southwest,7,1,85,31,7,2026-10-09
Jordan McLaughlin,San Antonio Spurs,West,Southwest,6,0,72,30,0,2026-10-09
Taelon Peter,San Antonio Spurs,West,Southwest,6,3,75,24,8,2026-10-09
Jayden Quaintance,San Antonio Spurs,West,Southwest,6,10,82,19,22,2026-10-09
Tarris Reed Jr.,San Antonio Spurs,West,Southwest,6,10,82,23,10,2026-10-09
Devin Vassell,San Antonio Spurs,West,Southwest,6,5,77,26,24,2026-10-09
Victor Wembanyama,San Antonio Spurs,West,Southwest,7,4,88,22,1,2026-10-09
Malik Williams,San Antonio Spurs,West,Southwest,6,11,83,28,35,2026-10-09
Kyle Anderson,Toronto Raptors,East,Atlantic,6,8,80,33,12,2026-10-09
Scottie Barnes,Toronto Raptors,East,Atlantic,6,8,80,25,4,2026-10-09
RJ Barrett,Toronto Raptors,East,Atlantic,6,6,78,26,9,2026-10-09
Jamison Battle,Toronto Raptors,East,Atlantic,6,7,79,25,77,2026-10-09
Nate Bittle,Toronto Raptors,East,Atlantic,7,0,84,23,,2026-10-09
Jaden Bradley,Toronto Raptors,East,Atlantic,6,3,75,23,8,2026-10-09
Nimari Burnett,Toronto Raptors,East,Atlantic,6,5,77,24,25,2026-10-09
Allen Graves,Toronto Raptors,East,Atlantic,6,8,80,20,22,2026-10-09
Chucky Hepburn,Toronto Raptors,East,Atlantic,6,0,72,23,24,2026-10-09
Trayce Jackson-Davis,Toronto Raptors,East,Atlantic,6,9,81,26,32,2026-10-09
Trey Jemison III,Toronto Raptors,East,Atlantic,6,10,82,26,50,2026-10-09
Tyreke Key,Toronto Raptors,East,Atlantic,6,2,74,27,11,2026-10-09
Kawhi Leonard,Toronto Raptors,East,Atlantic,6,6,78,35,2,2026-10-09
Alijah Martin,Toronto Raptors,East,Atlantic,6,2,74,24,55,2026-10-09
Collin Murray-Boyles,Toronto Raptors,East,Atlantic,6,7,79,21,30,2026-10-09
Jakob Poeltl,Toronto Raptors,East,Atlantic,7,0,84,30,19,2026-10-09
Immanuel Quickley,Toronto Raptors,East,Atlantic,6,2,74,27,5,2026-10-09
Jamal Shead,Toronto Raptors,East,Atlantic,6,1,73,24,23,2026-10-09
Malachi Smith,Toronto Raptors,East,Atlantic,6,4,76,26,18,2026-10-09
Ja'Kobe Walter,Toronto Raptors,East,Atlantic,6,4,76,22,14,2026-10-09
Jonas Aidoo,Utah Jazz,West,Northwest,6,11,83,23,13,2026-10-09
Trey Alexander,Utah Jazz,West,Northwest,6,5,77,23,15,2026-10-09
Ace Bailey,Utah Jazz,West,Northwest,6,9,81,20,19,2026-10-09
Mo Bamba,Utah Jazz,West,Northwest,7,0,84,28,44,2026-10-09
Tamar Bates,Utah Jazz,West,Northwest,6,4,76,23,0,2026-10-09
Isaiah Collier,Utah Jazz,West,Northwest,6,4,76,22,8,2026-10-09
Kyle Filipowski,Utah Jazz,West,Northwest,6,11,83,22,2,2026-10-09
Taylor Funk,Utah Jazz,West,Northwest,6,8,80,28,,2026-10-09
Keyonte George,Utah Jazz,West,Northwest,6,4,76,22,3,2026-10-09
Josh Green,Utah Jazz,West,Northwest,6,6,78,25,5,2026-10-09
Jaxson Hayes,Utah Jazz,West,Northwest,7,0,84,26,11,2026-10-09
Blake Hinson,Utah Jazz,West,Northwest,6,8,80,26,25,2026-10-09
Harrison Ingram,Utah Jazz,West,Northwest,6,5,77,23,00,2026-10-09
Jaren Jackson Jr.,Utah Jazz,West,Northwest,6,10,82,27,20,2026-10-09
Lauri Markkanen,Utah Jazz,West,Northwest,7,1,85,29,23,2026-10-09
Svi Mykhailiuk,Utah Jazz,West,Northwest,6,7,79,29,10,2026-10-09
Jusuf Nurkic,Utah Jazz,West,Northwest,6,11,83,32,30,2026-10-09
Josh Okogie,Utah Jazz,West,Northwest,6,4,76,28,21,2026-10-09
Darryn Peterson,Utah Jazz,West,Northwest,6,5,77,19,22,2026-10-09
Brice Sensabaugh,Utah Jazz,West,Northwest,6,6,78,22,28,2026-10-09
Deandre Ayton,Washington Wizards,East,Southeast,7,0,84,28,6,2026-10-09
Reece Beekman,Washington Wizards,East,Southeast,6,3,75,25,26,2026-10-09
Bub Carrington,Washington Wizards,East,Southeast,6,4,76,21,7,2026-10-09
Justin Champagnie,Washington Wizards,East,Southeast,6,6,78,25,9,2026-10-09
Bilal Coulibaly,Washington Wizards,East,Southeast,6,7,79,22,0,2026-10-09
Anthony Davis,Washington Wizards,East,Southeast,6,10,82,33,23,2026-10-09
AJ Dybantsa,Washington Wizards,East,Southeast,6,9,81,19,4,2026-10-09
Kyshawn George,Washington Wizards,East,Southeast,6,8,80,22,18,2026-10-09
Anthony Gill,Washington Wizards,East,Southeast,6,7,79,33,16,2026-10-09
Tre Johnson,Washington Wizards,East,Southeast,6,5,77,20,12,2026-10-09
Trevor Keels,Washington Wizards,East,Southeast,6,5,77,23,13,2026-10-09
Skal Labissiere,Washington Wizards,East,Southeast,6,10,82,30,17,2026-10-09
Chris Livingston,Washington Wizards,East,Southeast,6,6,78,22,24,2026-10-09
Tre Mann,Washington Wizards,East,Southeast,6,4,76,25,1,2026-10-09
Khris Middleton,Washington Wizards,East,Southeast,6,7,79,35,22,2026-10-09
Felix Okpara,Washington Wizards,East,Southeast,6,10,82,22,34,2026-10-09
Will Riley,Washington Wizards,East,Southeast,6,9,81,20,27,2026-10-09
Alex Sarr,Washington Wizards,East,Southeast,7,0,84,21,20,2026-10-09
Steve Settle III,Washington Wizards,East,Southeast,6,10,82,25,14,2026-10-09
Tristan Vukcevic,Washington Wizards,East,Southeast,7,0,84,23,00,2026-10-09
Jamir Watkins,Washington Wizards,East,Southeast,6,6,78,25,5,2026-10-09
Trae Young,Washington Wizards,East,Southeast,6,2,74,28,3,2026-10-09
