"","Geo_COUNTY","Geo_FIPS","Geo_TRACT","med_inc","numDD","numSB","sbper1000","per1000"
"1",5,"25005600100",600100,79722,0,0,0,0
"2",5,"25005600202",600202,70571,0,0,0,0
"3",5,"25005600203",600203,121607,0,1,0.184535892231039,0
"4",5,"25005600204",600204,114769,1,0,0,0.250062515628907
"5",5,"25005610100",610100,72042,1,0,0,0.18491124260355
"6",5,"25005610202",610202,126840,2,0,0,0.355492356914326
"7",5,"25005610203",610203,103542,1,0,0,0.148809523809524
"8",5,"25005610204",610204,101118,0,0,0,0
"9",5,"25005611101",611101,89934,0,0,0,0
"10",5,"25005611102",611102,90703,0,0,0,0
"11",5,"25005611201",611201,82361,1,0,0,0.32488628979857
"12",5,"25005611202",611202,70308,2,0,0,0.304785126485828
"13",5,"25005612100",612100,94340,4,1,0.226757369614512,0.90702947845805
"14",5,"25005612200",612200,75967,2,0,0,0.219611288020204
"15",5,"25005613100",613100,49067,1,0,0,0.150330727600722
"16",5,"25005613300",613300,77441,1,0,0,0.133564845732603
"17",5,"25005613400",613400,71116,2,0,0,0.549450549450549
"18",5,"25005613600",613600,36619,1,0,0,0.244678248103744
"19",5,"25005613700",613700,42487,1,0,0,0.255623721881391
"20",5,"25005613800",613800,29688,3,0,0,0.640888698995941
"21",5,"25005613901",613901,40424,0,0,0,0
"22",5,"25005613902",613902,63603,0,0,0,0
"23",5,"25005614000",614000,31969,1,0,0,0.223763705526964
"24",5,"25005614101",614101,58618,2,1,0.148389968838107,0.296779937676213
"25",5,"25005614102",614102,85152,2,0,0,0.285551113649343
"26",5,"25005615100",615100,85326,1,0,0,0.13941168269901
"27",5,"25005616100",616100,84423,1,0,0,0.154035736290819
"28",5,"25005617101",617101,87596,2,0,0,0.4
"29",5,"25005617102",617102,87962,2,0,0,0.505433409148345
"30",5,"25005630101",630101,60380,1,0,0,0.364298724954463
"31",5,"25005630102",630102,54133,0,0,0,0
"32",5,"25005630200",630200,113658,0,0,0,0
"33",5,"25005630300",630300,84757,0,0,0,0
"34",5,"25005630400",630400,72250,2,1,0.20165355918532,0.403307118370639
"35",5,"25005631100",631100,61855,4,0,0,0.472869133467313
"36",5,"25005631200",631200,75587,1,0,0,0.141462724572075
"37",5,"25005631300",631300,71007,1,0,0,0.18037518037518
"38",5,"25005631400",631400,32396,0,0,0,0
"39",5,"25005631500",631500,56402,1,0,0,0.40453074433657
"40",5,"25005631600",631600,47882,1,0,0,0.241021932995903
"41",5,"25005631700",631700,78488,1,0,0,0.156568028808517
"42",5,"25005631800",631800,63586,0,0,0,0
"43",5,"25005632100",632100,85152,1,0,0,0.14808233377758
"44",5,"25005632200",632200,68705,5,0,0,0.677690431011114
"45",5,"25005633100",633100,78047,1,0,0,0.189250567751703
"46",5,"25005633200",633200,88956,1,0,0,0.154846701765252
"47",5,"25005640100",640100,41057,3,0,0,0.66949341664807
"48",5,"25005640200",640200,23275,0,0,0,0
"49",5,"25005640300",640300,33715,0,0,0,0
"50",5,"25005640400",640400,31941,1,0,0,0.353481795687522
"51",5,"25005640500",640500,31375,1,0,0,0.217912399215515
"52",5,"25005640600",640600,32676,0,0,0,0
"53",5,"25005640700",640700,52525,0,0,0,0
"54",5,"25005640800",640800,37940,3,0,0,0.77780658542909
"55",5,"25005640901",640901,25247,0,0,0,0
"56",5,"25005641000",641000,18337,0,0,0,0
"57",5,"25005641101",641101,14540,2,0,0,0.932400932400932
"58",5,"25005641200",641200,28362,3,0,0,0.893655049151028
"59",5,"25005641300",641300,22547,0,0,0,0
"60",5,"25005641400",641400,25347,1,0,0,0.413223140495868
"61",5,"25005641500",641500,30368,0,0,0,0
"62",5,"25005641600",641600,51220,0,0,0,0
"63",5,"25005641700",641700,49375,0,0,0,0
"64",5,"25005641800",641800,45560,0,0,0,0
"65",5,"25005641900",641900,30069,1,0,0,0.483558994197292
"66",5,"25005642000",642000,29375,1,0,0,0.337040781934614
"67",5,"25005642100",642100,38906,0,0,0,0
"68",5,"25005642200",642200,41171,0,0,0,0
"69",5,"25005642300",642300,75083,0,0,0,0
"70",5,"25005642400",642400,41958,1,0,0,0.315258511979823
"71",5,"25005642500",642500,64130,3,0,0,0.661521499448732
"72",5,"25005644101",644101,80536,1,0,0,0.165562913907285
"73",5,"25005644102",644102,86442,1,0,0,0.198846689202625
"74",5,"25005644200",644200,57790,3,0,0,0.417072153482552
"75",5,"25005645101",645101,71553,1,0,0,0.22237046920169
"76",5,"25005645102",645102,74826,0,0,0,0
"77",5,"25005645103",645103,84113,4,1,0.169319336268202,0.677277345072807
"78",5,"25005646101",646101,74904,1,0,0,0.13319126265317
"79",5,"25005646103",646103,90417,0,0,0,0
"80",5,"25005646104",646104,93750,0,0,0,0
"81",5,"25005650101",650101,65944,1,0,0,0.167084377610693
"82",5,"25005650102",650102,45735,1,0,0,0.209643605870021
"83",5,"25005650201",650201,48138,1,0,0,0.318066157760814
"84",5,"25005650202",650202,45128,1,0,0,0.45662100456621
"85",5,"25005650300",650300,50034,1,0,0,0.291375291375291
"86",5,"25005650400",650400,37832,0,0,0,0
"87",5,"25005650500",650500,38497,1,0,0,0.326477309826967
"88",5,"25005650600",650600,22688,0,0,0,0
"89",5,"25005650700",650700,34844,0,0,0,0
"90",5,"25005650800",650800,26492,0,0,0,0
"91",5,"25005650900",650900,21775,1,0,0,0.347463516330785
"92",5,"25005651001",651001,39750,1,0,0,0.335683115139308
"93",5,"25005651002",651002,57632,3,0,0,0.816548720740337
"94",5,"25005651100",651100,23477,1,0,0,0.241254523522316
"95",5,"25005651200",651200,32765,1,0,0,0.420344682639765
"96",5,"25005651300",651300,26989,0,0,0,0
"97",5,"25005651400",651400,38970,0,0,0,0
"98",5,"25005651500",651500,34902,0,0,0,0
"99",5,"25005651600",651600,50709,0,0,0,0
"100",5,"25005651700",651700,20845,0,0,0,0
"101",5,"25005651800",651800,13750,2,0,0,1.17508813160987
"102",5,"25005651900",651900,27772,0,0,0,0
"103",5,"25005652000",652000,33841,0,0,0,0
"104",5,"25005652100",652100,48636,0,0,0,0
"105",5,"25005652200",652200,63897,0,0,0,0
"106",5,"25005652300",652300,36159,0,0,0,0
"107",5,"25005652400",652400,25313,1,0,0,0.411184210526316
"108",5,"25005652500",652500,26623,0,0,0,0
"109",5,"25005652600",652600,26802,0,0,0,0
"110",5,"25005652700",652700,22704,1,0,0,0.284414106939704
"111",5,"25005652800",652800,55200,0,0,0,0
"112",5,"25005653101",653101,57270,5,1,0.160128102481986,0.800640512409928
"113",5,"25005653102",653102,84630,0,0,0,0
"114",5,"25005653203",653203,57337,1,0,0,0.189609404626469
"115",5,"25005653204",653204,77917,0,0,0,0
"116",5,"25005653301",653301,61538,1,0,0,0.192049164586134
"117",5,"25005653304",653304,93934,0,0,0,0
"118",5,"25005654100",654100,83393,0,0,0,0
"119",5,"25005654200",654200,62135,2,0,0,0.599700149925038
"120",5,"25005655100",655100,69942,0,0,0,0
"121",5,"25005655200",655200,38958,1,0,0,0.215146299483649
"122",5,"25005655300",655300,60153,1,0,0,0.301386377335744
"123",5,"25005655400",655400,67588,0,0,0,0
"124",5,"25005985500",985500,78319,0,0,0,0
"125",5,"25005985600",985600,135976,3,0,0,0.53041018387553
"126",9,"25009201100",201100,65083,1,0,0,0.289771080846132
"127",9,"25009202101",202101,107353,0,0,0,0
"128",9,"25009202102",202102,71447,1,1,0.17247326664367,0.17247326664367
"129",9,"25009202200",202200,128095,0,0,0,0
"130",9,"25009203100",203100,118482,0,0,0,0
"131",9,"25009203200",203200,99848,0,0,0,0
"132",9,"25009203301",203301,81520,0,1,0.236854571293226,0
"133",9,"25009203302",203302,84583,0,0,0,0
"134",9,"25009204101",204101,57443,0,0,0,0
"135",9,"25009204102",204102,71698,1,0,0,0.198098256735341
"136",9,"25009204200",204200,44222,1,1,0.193798449612403,0.193798449612403
"137",9,"25009204300",204300,41659,1,0,0,0.258732212160414
"138",9,"25009204400",204400,65000,0,0,0,0
"139",9,"25009204500",204500,71556,1,0,0,0.332778702163062
"140",9,"25009204600",204600,52292,2,0,0,0.418322526668061
"141",9,"25009204701",204701,53325,1,0,0,0.155183116076971
"142",9,"25009204702",204702,63333,2,0,0,0.352236703064459
"143",9,"25009205100",205100,82353,1,0,0,0.195007800312012
"144",9,"25009205200",205200,59441,2,0,0,0.359582883854729
"145",9,"25009205300",205300,87159,0,0,0,0
"146",9,"25009205400",205400,96905,1,0,0,0.2050020500205
"147",9,"25009205500",205500,48772,0,0,0,0
"148",9,"25009205600",205600,36830,1,0,0,0.256410256410256
"149",9,"25009205700",205700,70143,0,0,0,0
"150",9,"25009205800",205800,54132,0,0,0,0
"151",9,"25009205900",205900,61310,0,0,0,0
"152",9,"25009206000",206000,35060,0,0,0,0
"153",9,"25009206100",206100,25298,0,0,0,0
"154",9,"25009206200",206200,36934,0,0,0,0
"155",9,"25009206300",206300,53462,0,0,0,0
"156",9,"25009206400",206400,54171,0,0,0,0
"157",9,"25009206500",206500,44938,0,0,0,0
"158",9,"25009206600",206600,42542,1,0,0,0.241021932995903
"159",9,"25009206700",206700,35493,0,0,0,0
"160",9,"25009206800",206800,21038,1,0,0,0.296120817293456
"161",9,"25009206900",206900,26589,0,0,0,0
"162",9,"25009207000",207000,19708,2,0,0,0.936768149882904
"163",9,"25009207100",207100,37284,0,0,0,0
"164",9,"25009207200",207200,26092,0,1,0.34106412005457,0
"165",9,"25009208101",208101,80357,1,0,0,0.192012288786482
"166",9,"25009208102",208102,71538,1,0,0,0.286368843069874
"167",9,"25009208200",208200,71231,1,0,0,0.189358076121947
"168",9,"25009208300",208300,75547,1,1,0.137042620254899,0.137042620254899
"169",9,"25009208400",208400,89000,5,1,0.16417665407979,0.820883270398949
"170",9,"25009209100",209100,108867,1,1,0.159464200287036,0.159464200287036
"171",9,"25009209200",209200,121127,0,0,0,0
"172",9,"25009210100",210100,89914,0,0,0,0
"173",9,"25009210200",210200,100298,2,0,0,0.374181478016838
"174",9,"25009210300",210300,54012,3,2,0.243042897071333,0.364564345607
"175",9,"25009210400",210400,71150,0,0,0,0
"176",9,"25009210500",210500,82509,1,0,0,0.153397760392698
"177",9,"25009210600",210600,57431,0,0,0,0
"178",9,"25009210700",210700,48006,0,0,0,0
"179",9,"25009210800",210800,33458,0,0,0,0
"180",9,"25009210900",210900,59844,0,0,0,0
"181",9,"25009211100",211100,65761,1,0,0,0.252397778899546
"182",9,"25009211200",211200,67194,4,0,0,0.645161290322581
"183",9,"25009211300",211300,93984,0,0,0,0
"184",9,"25009211401",211401,76906,1,0,0,0.279798545047566
"185",9,"25009211402",211402,79879,3,0,0,0.491320013101867
"186",9,"25009212100",212100,105646,4,0,0,0.431359861964844
"187",9,"25009213100",213100,127813,0,0,0,0
"188",9,"25009214100",214100,121157,1,0,0,0.159083678014636
"189",9,"25009215101",215101,119688,1,0,0,0.197005516154452
"190",9,"25009215102",215102,100559,0,0,0,0
"191",9,"25009216100",216100,116875,0,0,0,0
"192",9,"25009217100",217100,90677,4,1,0.13024225058609,0.52096900234436
"193",9,"25009217201",217201,69702,0,0,0,0
"194",9,"25009217202",217202,95000,0,1,0.289519397799653,0
"195",9,"25009217300",217300,55242,2,0,0,0.45766590389016
"196",9,"25009217400",217400,53301,1,0,0,0.19047619047619
"197",9,"25009217500",217500,71675,0,0,0,0
"198",9,"25009217600",217600,92191,2,0,0,0.228258388495777
"199",9,"25009218100",218100,89313,1,0,0,0.190585096245474
"200",9,"25009220101",220101,75270,0,0,0,0
"201",9,"25009220102",220102,60250,1,0,0,0.332005312084993
"202",9,"25009221100",221100,86424,0,0,0,0
"203",9,"25009221300",221300,67670,1,0,0,0.218197687104517
"204",9,"25009221400",221400,50026,0,0,0,0
"205",9,"25009221500",221500,35594,3,0,0,1.06913756236636
"206",9,"25009221600",221600,44115,0,0,0,0
"207",9,"25009221700",221700,44360,1,0,0,0.469483568075117
"208",9,"25009221800",221800,79196,0,0,0,0
"209",9,"25009221901",221901,84509,2,0,0,0.564971751412429
"210",9,"25009221902",221902,69357,1,0,0,0.245037980887037
"211",9,"25009222100",222100,89185,1,0,0,0.279329608938547
"212",9,"25009223100",223100,64080,0,0,0,0
"213",9,"25009223200",223200,59571,1,0,0,0.273897562311695
"214",9,"25009223300",223300,101167,0,0,0,0
"215",9,"25009250100",250100,17269,1,0,0,0.408496732026144
"216",9,"25009250200",250200,58500,0,0,0,0
"217",9,"25009250300",250300,39125,1,0,0,0.439753737906772
"218",9,"25009250400",250400,20146,0,0,0,0
"219",9,"25009250500",250500,34422,0,0,0,0
"220",9,"25009250600",250600,53269,0,0,0,0
"221",9,"25009250700",250700,33333,0,0,0,0
"222",9,"25009250800",250800,34111,1,0,0,0.153256704980843
"223",9,"25009250900",250900,23587,0,0,0,0
"224",9,"25009251000",251000,26696,0,0,0,0
"225",9,"25009251100",251100,17785,0,0,0,0
"226",9,"25009251200",251200,19020,0,0,0,0
"227",9,"25009251300",251300,26605,0,0,0,0
"228",9,"25009251400",251400,33667,0,0,0,0
"229",9,"25009251500",251500,34060,2,0,0,0.306795520785397
"230",9,"25009251600",251600,29815,1,0,0,0.170648464163823
"231",9,"25009251700",251700,42609,3,0,0,0.518672199170125
"232",9,"25009251800",251800,67294,0,0,0,0
"233",9,"25009252101",252101,62083,1,0,0,0.290528762347472
"234",9,"25009252102",252102,109470,1,0,0,0.243605359317905
"235",9,"25009252201",252201,76786,0,0,0,0
"236",9,"25009252202",252202,93393,0,0,0,0
"237",9,"25009252300",252300,41835,1,0,0,0.151080223598731
"238",9,"25009252400",252400,40463,1,0,0,0.238265427686443
"239",9,"25009252501",252501,70395,1,0,0,0.254777070063694
"240",9,"25009252502",252502,63704,1,1,0.219298245614035,0.219298245614035
"241",9,"25009252601",252601,71780,1,0,0,0.135648399348888
"242",9,"25009252602",252602,96250,1,1,0.230096640589047,0.230096640589047
"243",9,"25009252603",252603,79805,0,0,0,0
"244",9,"25009253100",253100,69292,1,0,0,0.185219485089831
"245",9,"25009253201",253201,71050,2,0,0,0.691802144586648
"246",9,"25009253202",253202,72371,1,1,0.15220700152207,0.15220700152207
"247",9,"25009253203",253203,144762,1,0,0,0.24090580582992
"248",9,"25009253204",253204,148245,2,0,0,0.357845768473788
"249",9,"25009253205",253205,149632,0,0,0,0
"250",9,"25009254100",254100,90739,1,0,0,0.157828282828283
"251",9,"25009254200",254200,68906,1,1,0.199720391451967,0.199720391451967
"252",9,"25009254301",254301,163125,0,0,0,0
"253",9,"25009254302",254302,146643,0,0,0,0
"254",9,"25009254401",254401,126667,1,0,0,0.296208530805687
"255",9,"25009254402",254402,144932,3,0,0,0.440205429200293
"256",9,"25009254403",254403,163750,0,0,0,0
"257",9,"25009260100",260100,33542,1,0,0,0.174581005586592
"258",9,"25009260200",260200,36866,0,0,0,0
"259",9,"25009260301",260301,76031,1,0,0,0.223964165733483
"260",9,"25009260302",260302,93354,1,0,0,0.354107648725212
"261",9,"25009260401",260401,78580,1,1,0.258397932816537,0.258397932816537
"262",9,"25009260402",260402,90517,0,1,0.172980453208787,0
"263",9,"25009260500",260500,82892,1,0,0,0.241896468311563
"264",9,"25009260600",260600,49210,0,0,0,0
"265",9,"25009260700",260700,56544,0,0,0,0
"266",9,"25009260800",260800,35871,0,0,0,0
"267",9,"25009260900",260900,53750,1,0,0,0.206440957886045
"268",9,"25009261000",261000,72222,2,0,0,0.527148128624143
"269",9,"25009261101",261101,83188,0,0,0,0
"270",9,"25009261102",261102,67873,0,0,0,0
"271",9,"25009262100",262100,80508,1,0,0,0.152998776009792
"272",9,"25009263100",263100,122969,0,0,0,0
"273",9,"25009264100",264100,92898,0,0,0,0
"274",9,"25009265101",265101,100260,0,0,0,0
"275",9,"25009265102",265102,112218,1,0,0,0.220458553791887
"276",9,"25009266100",266100,90243,0,0,0,0
"277",9,"25009266200",266200,77321,0,0,0,0
"278",9,"25009266300",266300,66442,2,0,0,0.558035714285714
"279",9,"25009266400",266400,70220,0,0,0,0
"280",9,"25009267101",267101,74318,0,0,0,0
"281",9,"25009267102",267102,78894,2,0,0,0.425441395447777
"282",9,"25009268100",268100,127212,0,0,0,0
"283",9,"25009268200",268200,79879,2,0,0,0.317863954227591
"284",9,"25009268300",268300,56786,1,1,0.243724104313917,0.243724104313917
"285",9,"25009268400",268400,90500,1,0,0,0.212901852246115
"286",9,"25009269100",269100,95827,0,0,0,0
"287",9,"25009270100",270100,85994,1,0,0,0.166805671392827
"288",17,"25017300100",300100,83917,0,0,0,0
"289",17,"25017301101",301101,74006,0,0,0,0
"290",17,"25017301102",301102,96290,1,0,0,0.194476857253987
"291",17,"25017310100",310100,34431,2,0,0,0.391926317852244
"292",17,"25017310200",310200,57953,1,0,0,0.143905597927759
"293",17,"25017310300",310300,45648,1,0,0,0.170532060027285
"294",17,"25017310400",310400,34015,0,0,0,0
"295",17,"25017310500",310500,51651,1,1,0.298151460942159,0.298151460942159
"296",17,"25017310601",310601,66221,0,0,0,0
"297",17,"25017310602",310602,50083,2,0,0,0.363372093023256
"298",17,"25017310700",310700,37344,0,1,0.207813798836243,0
"299",17,"25017311100",311100,42841,1,0,0,0.39984006397441
"300",17,"25017311200",311200,43787,0,0,0,0
"301",17,"25017311300",311300,49399,0,0,0,0
"302",17,"25017311400",311400,47888,1,0,0,0.158378207158695
"303",17,"25017311500",311500,61111,0,0,0,0
"304",17,"25017311600",311600,71809,1,0,0,0.189465706707086
"305",17,"25017311700",311700,53004,1,0,0,0.203832042397065
"306",17,"25017311800",311800,37377,0,0,0,0
"307",17,"25017311900",311900,25255,1,0,0,0.437445319335083
"308",17,"25017312000",312000,42426,0,0,0,0
"309",17,"25017312100",312100,46228,0,0,0,0
"310",17,"25017312200",312200,64500,1,1,0.220458553791887,0.220458553791887
"311",17,"25017312300",312300,57708,1,0,0,0.205676676264912
"312",17,"25017312400",312400,37525,0,0,0,0
"313",17,"25017312501",312501,69583,0,0,0,0
"314",17,"25017312502",312502,71146,0,0,0,0
"315",17,"25017313101",313101,109615,2,0,0,0.342172797262618
"316",17,"25017313102",313102,85905,1,0,0,0.166057788110262
"317",17,"25017314101",314101,74568,1,0,0,0.17223561832587
"318",17,"25017314102",314102,73022,0,0,0,0
"319",17,"25017314200",314200,71136,1,0,0,0.178762960314623
"320",17,"25017314301",314301,79387,1,0,0,0.117536436295252
"321",17,"25017314302",314302,127935,0,0,0,0
"322",17,"25017315100",315100,101389,2,0,0,0.319131961065901
"323",17,"25017315200",315200,87480,2,0,0,0.261574679571018
"324",17,"25017315401",315401,66711,0,0,0,0
"325",17,"25017315402",315402,108295,1,0,0,0.341646737273659
"326",17,"25017315403",315403,99875,0,0,0,0
"327",17,"25017315500",315500,80638,1,0,0,0.133351113481798
"328",17,"25017316101",316101,93798,0,0,0,0
"329",17,"25017316102",316102,96150,0,0,0,0
"330",17,"25017316201",316201,101587,0,0,0,0
"331",17,"25017316202",316202,112426,1,0,0,0.2255299954894
"332",17,"25017316300",316300,74330,2,0,0,0.247127146917089
"333",17,"25017316400",316400,88906,1,0,0,0.15617679212869
"334",17,"25017316500",316500,99863,2,1,0.152741713762028,0.305483427524057
"335",17,"25017317101",317101,90298,1,0,0,0.164446637066272
"336",17,"25017317102",317102,89241,0,0,0,0
"337",17,"25017317103",317103,128108,0,0,0,0
"338",17,"25017317201",317201,116800,0,0,0,0
"339",17,"25017317202",317202,119075,0,0,0,0
"340",17,"25017317203",317203,86729,2,0,0,0.474270808631729
"341",17,"25017317301",317301,77120,0,1,0.354233085370174,0
"342",17,"25017317302",317302,69440,1,0,0,0.182982616651418
"343",17,"25017318100",318100,115082,1,0,0,0.148257968865827
"344",17,"25017318200",318200,107000,1,0,0,0.24919013207077
"345",17,"25017318300",318300,148770,0,0,0,0
"346",17,"25017318400",318400,149353,2,1,0.244140625,0.48828125
"347",17,"25017320102",320102,129596,0,1,0.186254423542559,0
"348",17,"25017320103",320103,114667,0,0,0,0
"349",17,"25017320104",320104,131643,1,1,0.13401232913428,0.13401232913428
"350",17,"25017321100",321100,79630,1,0,0,0.141984949595343
"351",17,"25017321200",321200,64122,2,0,0,0.304599451720987
"352",17,"25017321300",321300,55455,0,0,0,0
"353",17,"25017321400",321400,94141,0,1,0.32916392363397,0
"354",17,"25017321500",321500,84010,0,0,0,0
"355",17,"25017321600",321600,66319,0,0,0,0
"356",17,"25017322100",322100,108008,0,0,0,0
"357",17,"25017322200",322200,72529,0,0,0,0
"358",17,"25017322300",322300,63456,0,0,0,0
"359",17,"25017322400",322400,77600,0,0,0,0
"360",17,"25017323100",323100,131500,2,0,0,0.29235491887151
"361",17,"25017324101",324101,104674,2,0,0,0.431685732786531
"362",17,"25017324102",324102,116290,1,1,0.2210433244916,0.2210433244916
"363",17,"25017325100",325100,67110,1,0,0,0.129600829445308
"364",17,"25017326101",326101,106968,1,0,0,0.244857982370225
"365",17,"25017326102",326102,118005,1,0,0,0.144654997830175
"366",17,"25017327101",327101,79871,0,0,0,0
"367",17,"25017327102",327102,73750,1,0,0,0.238777459407832
"368",17,"25017327103",327103,85240,0,0,0,0
"369",17,"25017328100",328100,116125,1,0,0,0.303122158229767
"370",17,"25017330100",330100,138458,1,0,0,0.1232741617357
"371",17,"25017330200",330200,96161,2,1,0.140114894213255,0.28022978842651
"372",17,"25017331101",331101,92300,1,1,0.292997363023733,0.292997363023733
"373",17,"25017331102",331102,91970,4,0,0,0.566411781365052
"374",17,"25017331200",331200,104398,2,1,0.191021967526266,0.382043935052531
"375",17,"25017331300",331300,115169,0,0,0,0
"376",17,"25017332100",332100,118843,2,0,0,0.333778371161549
"377",17,"25017332200",332200,85442,2,0,0,0.237840409085504
"378",17,"25017332300",332300,95057,1,1,0.146886016451234,0.146886016451234
"379",17,"25017332400",332400,99926,3,2,0.502386335091686,0.753579502637528
"380",17,"25017333100",333100,82237,2,0,0,0.249469876512411
"381",17,"25017333200",333200,67639,0,0,0,0
"382",17,"25017333300",333300,77148,2,0,0,0.495785820525533
"383",17,"25017333400",333400,80180,1,0,0,0.161498708010336
"384",17,"25017333501",333501,84449,2,1,0.196155355041193,0.392310710082385
"385",17,"25017333502",333502,56250,0,0,0,0
"386",17,"25017333600",333600,81694,3,2,0.280033604032484,0.420050406048726
"387",17,"25017334100",334100,105427,1,1,0.141282848262221,0.141282848262221
"388",17,"25017334200",334200,102692,1,0,0,0.257532835436518
"389",17,"25017334300",334300,114375,0,0,0,0
"390",17,"25017334400",334400,85909,2,1,0.155376009944065,0.310752019888129
"391",17,"25017335100",335100,86316,1,0,0,0.178731009830206
"392",17,"25017335200",335200,86205,0,0,0,0
"393",17,"25017335301",335301,73643,1,0,0,0.240038406144983
"394",17,"25017335302",335302,78200,1,0,0,0.194212468440474
"395",17,"25017335400",335400,93269,0,0,0,0
"396",17,"25017336100",336100,80478,1,0,0,0.179275726066691
"397",17,"25017336200",336200,123469,0,0,0,0
"398",17,"25017336300",336300,94912,0,1,0.149902563333833,0
"399",17,"25017336401",336401,66917,0,0,0,0
"400",17,"25017336402",336402,76370,0,0,0,0
"401",17,"25017337101",337101,84196,0,0,0,0
"402",17,"25017337102",337102,94398,2,0,0,0.40908161178155
"403",17,"25017337201",337201,56528,1,0,0,0.3269042170644
"404",17,"25017337202",337202,69670,2,0,0,0.407166123778502
"405",17,"25017337300",337300,85028,1,0,0,0.184026499815973
"406",17,"25017338100",338100,160370,0,0,0,0
"407",17,"25017338200",338200,89595,1,0,0,0.251130085384229
"408",17,"25017338300",338300,123083,0,0,0,0
"409",17,"25017338400",338400,174464,0,0,0,0
"410",17,"25017338500",338500,168466,1,1,0.167000668002672,0.167000668002672
"411",17,"25017339100",339100,59775,1,0,0,0.164826108455579
"412",17,"25017339200",339200,99196,0,0,0,0
"413",17,"25017339300",339300,74250,1,0,0,0.338868180277872
"414",17,"25017339400",339400,63227,0,0,0,0
"415",17,"25017339500",339500,75962,2,1,0.172413793103448,0.344827586206897
"416",17,"25017339600",339600,81250,0,0,0,0
"417",17,"25017339700",339700,62793,0,0,0,0
"418",17,"25017339801",339801,83886,1,1,0.209951711106446,0.209951711106446
"419",17,"25017339802",339802,61705,2,0,0,0.476077124494168
"420",17,"25017339900",339900,62361,1,0,0,0.191277735271614
"421",17,"25017340000",340000,54700,1,0,0,0.378501135503407
"422",17,"25017340100",340100,98750,0,0,0,0
"423",17,"25017341101",341101,82009,0,0,0,0
"424",17,"25017341102",341102,47017,0,0,0,0
"425",17,"25017341200",341200,53937,0,0,0,0
"426",17,"25017341300",341300,42675,2,0,0,0.362450163102573
"427",17,"25017341400",341400,57126,1,0,0,0.168463611859838
"428",17,"25017341500",341500,59683,0,0,0,0
"429",17,"25017341600",341600,53986,0,0,0,0
"430",17,"25017341700",341700,66750,0,0,0,0
"431",17,"25017341800",341800,36157,1,0,0,0.155908949173683
"432",17,"25017341901",341901,56929,1,0,0,0.657894736842105
"433",17,"25017341902",341902,66180,1,0,0,0.123823675086677
"434",17,"25017342101",342101,49353,0,0,0,0
"435",17,"25017342102",342102,32989,2,0,0,0.542740841248304
"436",17,"25017342201",342201,52542,0,0,0,0
"437",17,"25017342202",342202,55795,0,0,0,0
"438",17,"25017342300",342300,65938,0,0,0,0
"439",17,"25017342400",342400,46164,2,1,0.146993973247097,0.293987946494194
"440",17,"25017342500",342500,45871,0,0,0,0
"441",17,"25017342600",342600,48493,0,0,0,0
"442",17,"25017350103",350103,76094,1,1,0.761614623000762,0.761614623000762
"443",17,"25017350104",350104,40825,1,0,0,0.132837407013815
"444",17,"25017350200",350200,68500,1,0,0,0.164419598816179
"445",17,"25017350300",350300,76467,1,0,0,0.401284109149278
"446",17,"25017350400",350400,84688,0,0,0,0
"447",17,"25017350500",350500,92614,1,0,0,0.651041666666667
"448",17,"25017350600",350600,85000,0,0,0,0
"449",17,"25017350700",350700,58226,1,1,0.146177459435755,0.146177459435755
"450",17,"25017350800",350800,94569,0,0,0,0
"451",17,"25017350900",350900,105000,1,1,0.295770482105886,0.295770482105886
"452",17,"25017351000",351000,75526,0,1,0.134535180949818,0
"453",17,"25017351100",351100,74875,2,0,0,0.343583576705033
"454",17,"25017351203",351203,76818,0,0,0,0
"455",17,"25017351204",351204,64216,0,0,0,0
"456",17,"25017351300",351300,57978,0,0,0,0
"457",17,"25017351403",351403,53618,0,0,0,0
"458",17,"25017351404",351404,50508,0,0,0,0
"459",17,"25017351500",351500,49384,3,1,0.381970970206264,1.14591291061879
"460",17,"25017352101",352101,65711,0,0,0,0
"461",17,"25017352102",352102,102704,2,1,0.386996904024768,0.773993808049536
"462",17,"25017352200",352200,35862,0,0,0,0
"463",17,"25017352300",352300,83980,0,0,0,0
"464",17,"25017352400",352400,36842,2,2,1.001001001001,1.001001001001
"465",17,"25017352500",352500,87852,0,0,0,0
"466",17,"25017352600",352600,59676,0,0,0,0
"467",17,"25017352700",352700,40750,1,0,0,0.442282176028306
"468",17,"25017352800",352800,100125,0,0,0,0
"469",17,"25017352900",352900,79844,0,0,0,0
"470",17,"25017353000",353000,56742,1,1,0.287521564117309,0.287521564117309
"471",17,"25017353101",353101,70549,0,0,0,0
"472",17,"25017353102",353102,77935,1,1,0.212224108658744,0.212224108658744
"473",17,"25017353200",353200,71125,0,0,0,0
"474",17,"25017353300",353300,89837,0,1,0.301932367149758,0
"475",17,"25017353400",353400,70833,1,1,0.328083989501312,0.328083989501312
"476",17,"25017353500",353500,91801,0,0,0,0
"477",17,"25017353600",353600,89167,0,1,0.204290091930541,0
"478",17,"25017353700",353700,51955,2,3,0.534568781183179,0.356379187455453
"479",17,"25017353800",353800,69727,1,0,0,0.211685012701101
"480",17,"25017353900",353900,49915,0,0,0,0
"481",17,"25017354000",354000,69858,0,2,0.493461633358006,0
"482",17,"25017354100",354100,115000,1,1,0.376506024096386,0.376506024096386
"483",17,"25017354200",354200,153125,0,0,0,0
"484",17,"25017354300",354300,63940,0,1,0.275785990071704,0
"485",17,"25017354400",354400,111033,0,0,0,0
"486",17,"25017354500",354500,83458,0,0,0,0
"487",17,"25017354600",354600,82655,2,1,0.196927924379677,0.393855848759354
"488",17,"25017354700",354700,111094,1,0,0,0.39032006245121
"489",17,"25017354800",354800,106250,0,0,0,0
"490",17,"25017354900",354900,43375,1,0,0,0.168435236651508
"491",17,"25017355000",355000,76742,1,1,0.342231348391513,0.342231348391513
"492",17,"25017356100",356100,116094,0,0,0,0
"493",17,"25017356300",356300,70132,1,1,0.199044585987261,0.199044585987261
"494",17,"25017356400",356400,113381,1,0,0,0.142369020501139
"495",17,"25017356500",356500,98961,0,1,0.141823854772373,0
"496",17,"25017356601",356601,84291,0,0,0,0
"497",17,"25017356602",356602,110816,1,0,0,0.237812128418549
"498",17,"25017356701",356701,79825,1,0,0,0.157977883096367
"499",17,"25017356702",356702,89315,0,0,0,0
"500",17,"25017357100",357100,104306,0,1,0.224921277552857,0
"501",17,"25017357200",357200,162786,0,0,0,0
"502",17,"25017357300",357300,101719,0,0,0,0
"503",17,"25017357400",357400,118920,0,0,0,0
"504",17,"25017357500",357500,90238,0,1,0.421407501053519,0
"505",17,"25017357600",357600,69098,0,0,0,0
"506",17,"25017357700",357700,78490,2,0,0,0.54421768707483
"507",17,"25017357800",357800,141071,0,0,0,0
"508",17,"25017358100",358100,147298,1,0,0,0.196463654223969
"509",17,"25017358300",358300,137692,1,0,0,0.17286084701815
"510",17,"25017358400",358400,121336,4,2,0.394632991318074,0.789265982636148
"511",17,"25017358500",358500,132829,1,0,0,0.190294957183635
"512",17,"25017358600",358600,136637,0,1,0.165289256198347,0
"513",17,"25017358700",358700,150664,0,0,0,0
"514",17,"25017359100",359100,102356,1,1,0.150966183574879,0.150966183574879
"515",17,"25017359300",359300,129500,1,0,0,0.139586823003908
"516",17,"25017360100",360100,79063,1,0,0,0.551267916207277
"517",17,"25017360200",360200,143897,0,0,0,0
"518",17,"25017361100",361100,130060,2,1,0.169204737732657,0.338409475465313
"519",17,"25017361200",361200,118015,1,0,0,0.143020594965675
"520",17,"25017361300",361300,158203,1,0,0,0.16857720836143
"521",17,"25017362100",362100,157500,0,0,0,0
"522",17,"25017363102",363102,96450,2,0,0,0.3385240352065
"523",17,"25017363103",363103,126546,0,0,0,0
"524",17,"25017363104",363104,131774,2,1,0.160565189466924,0.321130378933847
"525",17,"25017363201",363201,146389,0,0,0,0
"526",17,"25017363202",363202,130134,1,0,0,0.273074822501365
"527",17,"25017364101",364101,77188,0,0,0,0
"528",17,"25017364102",364102,79688,1,0,0,0.197083169097359
"529",17,"25017365100",365100,177107,0,0,0,0
"530",17,"25017365201",365201,165500,1,0,0,0.171909919202338
"531",17,"25017365202",365202,146250,0,1,0.220701831825204,0
"532",17,"25017366100",366100,104375,1,1,0.215470803706098,0.215470803706098
"533",17,"25017366201",366201,200278,0,0,0,0
"534",17,"25017366202",366202,155885,0,0,0,0
"535",17,"25017367100",367100,180972,0,0,0,0
"536",17,"25017367200",367200,226181,1,0,0,0.13014055179594
"537",17,"25017368101",368101,85840,1,0,0,0.173130193905817
"538",17,"25017368102",368102,102292,0,0,0,0
"539",17,"25017368200",368200,93333,1,1,0.234852043212776,0.234852043212776
"540",17,"25017368300",368300,60056,2,0,0,0.360620266858997
"541",17,"25017368400",368400,73482,0,0,0,0
"542",17,"25017368500",368500,55385,1,0,0,0.353356890459364
"543",17,"25017368600",368600,70379,0,0,0,0
"544",17,"25017368700",368700,54667,0,0,0,0
"545",17,"25017368800",368800,59545,1,0,0,0.213447171824973
"546",17,"25017368901",368901,82798,1,0,0,0.134462821029985
"547",17,"25017368902",368902,51364,0,0,0,0
"548",17,"25017369000",369000,76250,0,1,0.597371565113501,0
"549",17,"25017369100",369100,95320,1,0,0,0.205803663305207
"550",17,"25017370101",370101,91042,0,0,0,0
"551",17,"25017370102",370102,81307,1,0,0,0.136407038603192
"552",17,"25017370201",370201,102538,0,0,0,0
"553",17,"25017370202",370202,95000,0,0,0,0
"554",17,"25017370300",370300,74021,1,2,0.380734818199124,0.190367409099562
"555",17,"25017370400",370400,87423,1,1,0.188679245283019,0.188679245283019
"556",17,"25017373100",373100,76821,1,1,0.212314225053079,0.212314225053079
"557",17,"25017373200",373200,78023,2,0,0,0.448430493273543
"558",17,"25017373300",373300,89063,1,0,0,0.372300819061802
"559",17,"25017373400",373400,89267,0,1,0.290107339715695,0
"560",17,"25017373500",373500,166375,0,0,0,0
"561",17,"25017373600",373600,176042,1,0,0,0.147383935151069
"562",17,"25017373700",373700,167305,0,1,0.271296798697775,0
"563",17,"25017373800",373800,98646,0,1,0.182915675873422,0
"564",17,"25017373900",373900,175370,0,1,0.147732309055991,0
"565",17,"25017374000",374000,116489,0,1,0.189969604863222,0
"566",17,"25017374100",374100,85906,2,1,0.221631205673759,0.443262411347518
"567",17,"25017374200",374200,150806,1,0,0,0.22883295194508
"568",17,"25017374300",374300,184625,0,2,0.569638279692395,0
"569",17,"25017374400",374400,203380,0,0,0,0
"570",17,"25017374500",374500,128523,0,0,0,0
"571",17,"25017374600",374600,107672,0,0,0,0
"572",17,"25017374700",374700,105990,0,0,0,0
"573",17,"25017374800",374800,123472,0,0,0,0
"574",17,"25017382100",382100,107571,1,1,0.204206657137023,0.204206657137023
"575",17,"25017382200",382200,107359,1,0,0,0.188182160331201
"576",17,"25017382300",382300,114396,0,0,0,0
"577",17,"25017382400",382400,73750,0,0,0,0
"578",17,"25017382500",382500,82535,2,0,0,0.435540069686411
"579",17,"25017382601",382601,69801,0,0,0,0
"580",17,"25017382602",382602,102434,1,2,0.451263537906137,0.225631768953069
"581",17,"25017383101",383101,31250,0,0,0,0
"582",17,"25017383102",383102,31580,0,0,0,0
"583",17,"25017383200",383200,61092,0,0,0,0
"584",17,"25017383300",383300,52930,1,0,0,0.328299409061064
"585",17,"25017383400",383400,50738,1,0,0,0.18308311973636
"586",17,"25017383501",383501,46058,0,0,0,0
"587",17,"25017383502",383502,73919,1,1,0.246426811237063,0.246426811237063
"588",17,"25017383600",383600,71275,3,4,0.646412411118294,0.48480930833872
"589",17,"25017383700",383700,74741,0,0,0,0
"590",17,"25017383800",383800,84688,0,0,0,0
"591",17,"25017383901",383901,90801,0,0,0,0
"592",17,"25017383902",383902,126272,1,0,0,0.186671644577189
"593",17,"25017384001",384001,110152,0,0,0,0
"594",17,"25017384002",384002,79336,1,0,0,0.164500740253331
"595",17,"25017385100",385100,107607,1,0,0,0.154440154440154
"596",17,"25017385201",385201,56287,0,0,0,0
"597",17,"25017385202",385202,113818,1,0,0,0.123992560446373
"598",17,"25017386100",386100,155564,0,0,0,0
"599",17,"25017387100",387100,106394,0,0,0,0
"600",17,"25017387201",387201,95357,1,0,0,0.174034110685694
"601",17,"25017387202",387202,119964,0,0,0,0
"602",17,"25017388100",388100,103996,1,0,0,0.196001568012544
"603",17,"25017388200",388200,66453,1,0,0,0.135062128579146
"604",17,"25017388300",388300,15848,0,0,0,0
"605",21,"25021400100",400100,62303,0,1,0.205212394828648,0
"606",21,"25021400200",400200,67762,1,0,0,0.179565451607111
"607",21,"25021400300",400300,115671,0,0,0,0
"608",21,"25021400400",400400,65859,0,0,0,0
"609",21,"25021400500",400500,88860,0,1,0.192864030858245,0
"610",21,"25021400600",400600,100806,0,0,0,0
"611",21,"25021400700",400700,137688,2,0,0,0.589622641509434
"612",21,"25021400800",400800,92321,0,0,0,0
"613",21,"25021400900",400900,61763,0,1,0.24390243902439,0
"614",21,"25021401000",401000,72115,1,0,0,0.319386777387416
"615",21,"25021401100",401100,163125,0,1,0.211909302818394,0
"616",21,"25021401200",401200,125685,0,1,0.136017410228509,0
"617",21,"25021402101",402101,70057,1,1,0.268889486421081,0.268889486421081
"618",21,"25021402102",402102,67390,1,0,0,0.249563264287497
"619",21,"25021402200",402200,77500,0,0,0,0
"620",21,"25021402300",402300,101087,0,0,0,0
"621",21,"25021402400",402400,89853,1,0,0,0.158654608916389
"622",21,"25021402500",402500,109695,1,0,0,0.218579234972678
"623",21,"25021403100",403100,155987,1,0,0,0.148170099273967
"624",21,"25021403300",403300,160726,1,0,0,0.240442414041837
"625",21,"25021403400",403400,120000,0,0,0,0
"626",21,"25021403500",403500,105000,0,1,0.163265306122449,0
"627",21,"25021404100",404100,151005,2,0,0,0.478812544888676
"628",21,"25021404201",404201,185625,0,0,0,0
"629",21,"25021404202",404202,175625,0,1,0.199481348493916,0
"630",21,"25021404301",404301,184375,1,0,0,0.185150897981855
"631",21,"25021404302",404302,127174,2,1,0.278784499581823,0.557568999163647
"632",21,"25021404400",404400,137837,1,2,0.291247997670016,0.145623998835008
"633",21,"25021405100",405100,176250,0,0,0,0
"634",21,"25021406101",406101,130870,1,1,0.177462289263531,0.177462289263531
"635",21,"25021406102",406102,147440,1,0,0,0.151492198151795
"636",21,"25021407100",407100,96773,1,0,0,0.124890720619458
"637",21,"25021408101",408101,112281,0,1,0.1230012300123,0
"638",21,"25021408102",408102,100000,1,0,0,0.206825232678387
"639",21,"25021409101",409101,141591,2,0,0,0.311720698254364
"640",21,"25021409102",409102,144292,0,0,0,0
"641",21,"25021410100",410100,89022,4,0,0,0.69072699015714
"642",21,"25021410300",410300,103887,0,0,0,0
"643",21,"25021410400",410400,85523,1,0,0,0.150511739915713
"644",21,"25021411100",411100,93040,0,1,0.123228589032656,0
"645",21,"25021411200",411200,86125,3,0,0,0.42170368287883
"646",21,"25021411301",411301,88846,0,0,0,0
"647",21,"25021411302",411302,94830,1,0,0,0.251698968034231
"648",21,"25021412100",412100,123974,1,1,0.158604282315623,0.158604282315623
"649",21,"25021412200",412200,139531,0,0,0,0
"650",21,"25021412300",412300,133625,3,1,0.200521355524363,0.60156406657309
"651",21,"25021413100",413100,75221,1,1,0.166666666666667,0.166666666666667
"652",21,"25021413200",413200,65139,1,0,0,0.167084377610693
"653",21,"25021413300",413300,99688,0,0,0,0
"654",21,"25021413401",413401,61892,1,0,0,0.334672021419009
"655",21,"25021413402",413402,99539,1,0,0,0.223763705526964
"656",21,"25021413500",413500,80427,1,0,0,0.231267345050879
"657",21,"25021414100",414100,128980,1,0,0,0.18772292096865
"658",21,"25021414200",414200,155957,0,0,0,0
"659",21,"25021414300",414300,100528,0,0,0,0
"660",21,"25021415101",415101,97143,0,0,0,0
"661",21,"25021415102",415102,70698,1,1,0.124146492861577,0.124146492861577
"662",21,"25021415200",415200,81810,1,0,0,0.178571428571429
"663",21,"25021415300",415300,118125,2,0,0,0.551876379690949
"664",21,"25021416101",416101,126481,0,0,0,0
"665",21,"25021416102",416102,97500,0,0,0,0
"666",21,"25021416200",416200,105236,0,0,0,0
"667",21,"25021416300",416300,108333,0,0,0,0
"668",21,"25021416400",416400,122130,1,1,0.160410651267244,0.160410651267244
"669",21,"25021417100",417100,83553,0,0,0,0
"670",21,"25021417200",417200,60589,3,0,0,0.371793282934688
"671",21,"25021417300",417300,85661,1,0,0,0.344589937973811
"672",21,"25021417400",417400,93400,1,0,0,0.43308791684712
"673",21,"25021417501",417501,71589,0,0,0,0
"674",21,"25021417502",417502,65375,0,0,0,0
"675",21,"25021417601",417601,63005,0,0,0,0
"676",21,"25021417602",417602,53750,1,0,0,0.199123855037834
"677",21,"25021417701",417701,51732,5,1,0.184604024367731,0.923020121838656
"678",21,"25021417702",417702,77667,0,0,0,0
"679",21,"25021417801",417801,76213,1,0,0,0.208159866777685
"680",21,"25021417802",417802,23288,0,0,0,0
"681",21,"25021417901",417901,42593,1,0,0,0.155448468832582
"682",21,"25021417902",417902,55968,0,0,0,0
"683",21,"25021418002",418002,71142,2,1,0.149120190873844,0.298240381747689
"684",21,"25021418003",418003,80100,0,0,0,0
"685",21,"25021418004",418004,53775,2,0,0,0.458085203847916
"686",21,"25021418101",418101,63778,1,0,0,0.204876049989756
"687",21,"25021418102",418102,61146,0,0,0,0
"688",21,"25021418200",418200,75893,1,0,0,0.1478633742422
"689",21,"25021419100",419100,94826,3,2,0.357206644043579,0.535809966065369
"690",21,"25021419200",419200,87167,0,0,0,0
"691",21,"25021419300",419300,61339,1,0,0,0.253936008125952
"692",21,"25021419400",419400,81534,1,0,0,0.290275761973875
"693",21,"25021419500",419500,100703,0,0,0,0
"694",21,"25021419600",419600,92560,0,0,0,0
"695",21,"25021419700",419700,80000,1,0,0,0.271444082519001
"696",21,"25021419800",419800,93284,3,0,0,0.68870523415978
"697",21,"25021420100",420100,63119,2,0,0,0.249781441238916
"698",21,"25021420201",420201,50231,0,0,0,0
"699",21,"25021420202",420202,70431,0,0,0,0
"700",21,"25021420301",420301,57151,1,0,0,0.152439024390244
"701",21,"25021420302",420302,62976,0,0,0,0
"702",21,"25021421100",421100,53359,0,0,0,0
"703",21,"25021421200",421200,79041,2,0,0,0.358937544867193
"704",21,"25021422100",422100,87475,0,0,0,0
"705",21,"25021422200",422200,69498,0,1,0.141222991102952,0
"706",21,"25021422301",422301,95365,0,0,0,0
"707",21,"25021422302",422302,69624,0,0,0,0
"708",21,"25021422400",422400,64167,3,0,0,0.39714058776807
"709",21,"25021422501",422501,62234,0,0,0,0
"710",21,"25021422502",422502,49068,0,0,0,0
"711",21,"25021422600",422600,76875,1,0,0,0.143698807299899
"712",21,"25021422700",422700,67796,1,0,0,0.282805429864253
"713",21,"25021422800",422800,66943,1,0,0,0.254129606099111
"714",21,"25021423100",423100,117679,2,1,0.123456790123457,0.246913580246914
"715",21,"25021440100",440100,78516,3,1,0.116536534203473,0.349609602610418
"716",21,"25021441202",441202,121250,1,0,0,0.347342827370615
"717",21,"25021441203",441203,87563,0,0,0,0
"718",21,"25021441204",441204,87037,1,0,0,0.223763705526964
"719",21,"25021442101",442101,90606,0,1,0.173280194073817,0
"720",21,"25021442102",442102,109815,1,1,0.141462724572075,0.141462724572075
"721",21,"25021442103",442103,125737,0,0,0,0
"722",21,"25021442201",442201,124896,0,0,0,0
"723",21,"25021442202",442202,80214,2,0,0,0.239377618192699
"724",21,"25021443101",443101,86576,1,0,0,0.129332643559234
"725",21,"25021443102",443102,88198,2,0,0,0.226449275362319
"726",21,"25021456101",456101,106786,0,0,0,0
"727",21,"25021456102",456102,63487,0,0,0,0
"728",21,"25021456200",456200,84408,3,1,0.302206104563312,0.906618313689937
"729",21,"25021456301",456301,41971,0,0,0,0
"730",21,"25021456302",456302,51092,1,0,0,0.193610842207164
"731",21,"25021456401",456401,84444,1,0,0,0.357015351660121
"732",21,"25021456402",456402,102375,0,0,0,0
"733",21,"25021457100",457100,78750,3,0,0,0.678579506898892
"734",21,"25021457200",457200,125034,1,0,0,0.174246384387524
"735",23,"25023500101",500101,84135,0,0,0,0
"736",23,"25023500103",500103,70463,0,0,0,0
"737",23,"25023500104",500104,73678,2,0,0,0.481463649494463
"738",23,"25023501101",501101,88148,0,0,0,0
"739",23,"25023501102",501102,102102,1,1,0.119033448399,0.119033448399
"740",23,"25023501201",501201,124444,0,0,0,0
"741",23,"25023501202",501202,93050,1,1,0.139392249790912,0.139392249790912
"742",23,"25023502101",502101,67012,1,0,0,0.163238654913484
"743",23,"25023502102",502102,67831,1,0,0,0.177462289263531
"744",23,"25023502200",502200,64973,2,0,0,0.341588385994876
"745",23,"25023503101",503101,110121,4,2,0.27122321670735,0.5424464334147
"746",23,"25023503102",503102,90073,1,0,0,0.148235991698784
"747",23,"25023504101",504101,101776,1,0,0,0.181028240405503
"748",23,"25023504102",504102,121000,1,0,0,0.195045835771406
"749",23,"25023505101",505101,104123,0,0,0,0
"750",23,"25023505102",505102,121719,0,0,0,0
"751",23,"25023505200",505200,89688,2,0,0,0.296428042092782
"752",23,"25023506101",506101,107275,0,0,0,0
"753",23,"25023506102",506102,82326,1,1,0.166917042230012,0.166917042230012
"754",23,"25023506202",506202,94792,0,0,0,0
"755",23,"25023506203",506203,77115,2,0,0,0.404776361060514
"756",23,"25023506204",506204,68772,0,0,0,0
"757",23,"25023507101",507101,110197,0,0,0,0
"758",23,"25023507103",507103,134318,1,0,0,0.225733634311512
"759",23,"25023507104",507104,120750,0,0,0,0
"760",23,"25023508101",508101,96000,2,0,0,0.296164667555161
"761",23,"25023508102",508102,80060,0,0,0,0
"762",23,"25023508200",508200,92159,1,0,0,0.163105529277443
"763",23,"25023509101",509101,97803,2,0,0,0.303306035790112
"764",23,"25023509102",509102,80644,3,0,0,0.479846449136276
"765",23,"25023510100",510100,72170,0,0,0,0
"766",23,"25023510200",510200,61376,1,0,0,0.142348754448399
"767",23,"25023510300",510300,38989,1,0,0,0.24931438544004
"768",23,"25023510400",510400,32308,0,0,0,0
"769",23,"25023510501",510501,57028,1,0,0,0.323624595469256
"770",23,"25023510502",510502,37183,0,0,0,0
"771",23,"25023510503",510503,45693,1,0,0,0.240731824747232
"772",23,"25023510600",510600,81964,0,0,0,0
"773",23,"25023510700",510700,58958,3,0,0,0.548747027620267
"774",23,"25023510800",510800,31205,0,0,0,0
"775",23,"25023510900",510900,12490,2,0,0,0.872219799389446
"776",23,"25023511000",511000,50588,0,0,0,0
"777",23,"25023511100",511100,69100,0,0,0,0
"778",23,"25023511200",511200,39162,0,0,0,0
"779",23,"25023511301",511301,51219,0,0,0,0
"780",23,"25023511302",511302,69565,0,0,0,0
"781",23,"25023511400",511400,41776,1,0,0,0.246184145741014
"782",23,"25023511500",511500,43672,0,0,0,0
"783",23,"25023511600",511600,36062,0,0,0,0
"784",23,"25023511701",511701,74396,1,0,0,0.223463687150838
"785",23,"25023511702",511702,68438,2,1,0.32520325203252,0.650406504065041
"786",23,"25023520100",520100,86250,1,1,0.152881822351322,0.152881822351322
"787",23,"25023520201",520201,63003,1,0,0,0.26567481402763
"788",23,"25023520202",520202,91019,1,0,0,0.173130193905817
"789",23,"25023521101",521101,84881,1,0,0,0.228414801279123
"790",23,"25023521102",521102,74423,1,0,0,0.294985250737463
"791",23,"25023521201",521201,57037,1,0,0,0.3385240352065
"792",23,"25023521202",521202,84436,0,0,0,0
"793",23,"25023522101",522101,93848,1,0,0,0.210970464135021
"794",23,"25023522102",522102,93281,2,0,0,0.358680057388809
"795",23,"25023523100",523100,76771,0,0,0,0
"796",23,"25023523201",523201,98333,1,0,0,0.334560053529609
"797",23,"25023523202",523202,90518,1,0,0,0.12809017548354
"798",23,"25023524101",524101,102583,2,0,0,0.662910175671197
"799",23,"25023524102",524102,71844,1,0,0,0.252270433905146
"800",23,"25023525101",525101,75461,4,0,0,0.606520090978014
"801",23,"25023525104",525104,103265,1,0,0,0.162100826714216
"802",23,"25023525203",525203,70508,0,0,0,0
"803",23,"25023525204",525204,120612,0,0,0,0
"804",23,"25023525300",525300,NA,0,0,0,0
"805",23,"25023526100",526100,69917,1,0,0,0.131078778345786
"806",23,"25023530100",530100,54669,3,2,0.524246395806029,0.786369593709043
"807",23,"25023530200",530200,49856,1,0,0,0.266880170803309
"808",23,"25023530300",530300,51065,2,0,0,0.508517670989067
"809",23,"25023530400",530400,90296,0,0,0,0
"810",23,"25023530500",530500,53891,2,0,0,0.361729064930367
"811",23,"25023530600",530600,80208,1,1,0.153350713080816,0.153350713080816
"812",23,"25023530700",530700,89656,0,0,0,0
"813",23,"25023530801",530801,86250,0,0,0,0
"814",23,"25023530802",530802,85921,0,0,0,0
"815",23,"25023530901",530901,91613,0,0,0,0
"816",23,"25023530902",530902,101974,1,0,0,0.218102508178844
"817",23,"25023540101",540101,65727,0,0,0,0
"818",23,"25023540102",540102,94205,0,0,0,0
"819",23,"25023540103",540103,109063,1,0,0,0.237586124970302
"820",23,"25023541100",541100,94688,0,0,0,0
"821",23,"25023542101",542101,100159,1,0,0,0.132819763580821
"822",23,"25023542102",542102,76324,0,0,0,0
"823",23,"25023542200",542200,76648,1,0,0,0.162680982593135
"824",23,"25023542300",542300,60076,2,0,0,0.269106566200215
"825",23,"25023543100",543100,94505,0,0,0,0
"826",23,"25023544100",544100,90288,1,0,0,0.177841010136938
"827",23,"25023544200",544200,64339,0,0,0,0
"828",23,"25023545100",545100,71205,3,1,0.13846579894766,0.41539739684298
"829",23,"25023545200",545200,59375,2,0,0,0.351246926589392
"830",23,"25023545300",545300,55383,0,0,0,0
"831",23,"25023545400",545400,60000,1,0,0,0.182381907714755
"832",23,"25023560100",560100,78216,1,0,0,0.162919517758227
"833",23,"25023561100",561100,76607,1,0,0,0.202634245187437
"834",23,"25023561200",561200,42981,2,0,0,0.734214390602056
"835",25,"25025000100",100,53015,1,1,0.306372549019608,0.306372549019608
"836",25,"25025000201",201,65446,0,0,0,0
"837",25,"25025000202",202,52083,0,0,0,0
"838",25,"25025000301",301,78250,0,0,0,0
"839",25,"25025000302",302,70362,1,0,0,0.374111485222596
"840",25,"25025000401",401,37819,0,0,0,0
"841",25,"25025000402",402,54186,0,0,0,0
"842",25,"25025000502",502,36667,1,1,0.17905102954342,0.17905102954342
"843",25,"25025000503",503,44167,0,0,0,0
"844",25,"25025000504",504,35962,0,0,0,0
"845",25,"25025000601",601,53796,2,0,0,0.629128656810318
"846",25,"25025000602",602,26165,0,0,0,0
"847",25,"25025000701",701,40565,0,0,0,0
"848",25,"25025000703",703,21219,0,0,0,0
"849",25,"25025000704",704,49417,0,0,0,0
"850",25,"25025000802",802,31198,1,0,0,0.138274336283186
"851",25,"25025000803",803,31683,0,0,0,0
"852",25,"25025010103",10103,28690,0,1,0.269978401727862,0
"853",25,"25025010104",10104,47204,0,0,0,0
"854",25,"25025010203",10203,32228,0,0,0,0
"855",25,"25025010204",10204,29821,0,0,0,0
"856",25,"25025010300",10300,33359,1,3,0.576701268742791,0.192233756247597
"857",25,"25025010403",10403,17009,0,0,0,0
"858",25,"25025010404",10404,20172,0,0,0,0
"859",25,"25025010405",10405,13488,1,1,0.171998624011008,0.171998624011008
"860",25,"25025010408",10408,65000,0,0,0,0
"861",25,"25025010500",10500,40771,0,0,0,0
"862",25,"25025010600",10600,85726,0,0,0,0
"863",25,"25025010701",10701,99307,0,0,0,0
"864",25,"25025010702",10702,111923,0,2,0.82203041512536,0
"865",25,"25025010801",10801,125417,0,0,0,0
"866",25,"25025010802",10802,102773,0,0,0,0
"867",25,"25025020101",20101,99456,0,3,0.727978645959719,0
"868",25,"25025020200",20200,75197,0,1,0.255885363357216,0
"869",25,"25025020301",20301,106630,0,0,0,0
"870",25,"25025020302",20302,81680,1,0,0,0.936329588014981
"871",25,"25025020303",20303,85119,1,0,0,0.286779466590192
"872",25,"25025030100",30100,68350,0,0,0,0
"873",25,"25025030200",30200,72554,0,0,0,0
"874",25,"25025030300",30300,100278,7,9,1.65107319757843,1.284168042561
"875",25,"25025030400",30400,67367,0,0,0,0
"876",25,"25025030500",30500,103250,0,0,0,0
"877",25,"25025040100",40100,124622,0,0,0,0
"878",25,"25025040200",40200,47527,0,0,0,0
"879",25,"25025040300",40300,116830,0,0,0,0
"880",25,"25025040401",40401,57569,1,1,0.398089171974522,0.398089171974522
"881",25,"25025040600",40600,136875,1,0,0,0.348432055749129
"882",25,"25025040801",40801,54159,1,0,0,0.239808153477218
"883",25,"25025050101",50101,42763,0,0,0,0
"884",25,"25025050200",50200,52448,1,0,0,0.182748538011696
"885",25,"25025050300",50300,15054,0,0,0,0
"886",25,"25025050400",50400,53065,1,0,0,0.399201596806387
"887",25,"25025050500",50500,47869,0,0,0,0
"888",25,"25025050600",50600,46429,0,0,0,0
"889",25,"25025050700",50700,55125,0,0,0,0
"890",25,"25025050901",50901,62570,0,0,0,0
"891",25,"25025051000",51000,52170,0,1,0.214822771213749,0
"892",25,"25025051101",51101,47813,1,0,0,0.156592546194801
"893",25,"25025051200",51200,61016,0,0,0,0
"894",25,"25025060101",60101,94526,0,0,0,0
"895",25,"25025060200",60200,97305,0,0,0,0
"896",25,"25025060301",60301,83015,0,0,0,0
"897",25,"25025060400",60400,95085,0,0,0,0
"898",25,"25025060501",60501,99563,1,0,0,0.262743037309511
"899",25,"25025060600",60600,110109,3,2,0.788022064617809,1.18203309692671
"900",25,"25025060700",60700,16964,0,0,0,0
"901",25,"25025060800",60800,90761,0,0,0,0
"902",25,"25025061000",61000,27292,0,0,0,0
"903",25,"25025061101",61101,16710,0,0,0,0
"904",25,"25025061200",61200,82244,2,0,0,0.578536303153023
"905",25,"25025070101",70101,90268,9,9,1.6366612111293,1.6366612111293
"906",25,"25025070200",70200,19532,3,1,0.183150183150183,0.549450549450549
"907",25,"25025070300",70300,122540,0,0,0,0
"908",25,"25025070402",70402,13693,0,0,0,0
"909",25,"25025070500",70500,97500,0,0,0,0
"910",25,"25025070600",70600,105391,0,0,0,0
"911",25,"25025070700",70700,76765,0,0,0,0
"912",25,"25025070800",70800,96155,0,0,0,0
"913",25,"25025070900",70900,71000,1,0,0,0.31201248049922
"914",25,"25025071101",71101,42551,2,1,0.248508946322068,0.497017892644135
"915",25,"25025071201",71201,44239,0,0,0,0
"916",25,"25025080100",80100,27318,1,0,0,0.349162011173184
"917",25,"25025080300",80300,22332,0,0,0,0
"918",25,"25025080401",80401,19034,0,0,0,0
"919",25,"25025080500",80500,19311,0,0,0,0
"920",25,"25025080601",80601,16832,2,1,0.241662638956017,0.483325277912035
"921",25,"25025080801",80801,24903,2,0,0,0.500250125062531
"922",25,"25025080900",80900,51583,1,0,0,0.266666666666667
"923",25,"25025081001",81001,22170,1,1,0.213492741246798,0.213492741246798
"924",25,"25025081100",81100,53497,0,0,0,0
"925",25,"25025081200",81200,20741,1,0,0,0.283446712018141
"926",25,"25025081300",81300,21634,1,0,0,0.179597701149425
"927",25,"25025081400",81400,43688,0,0,0,0
"928",25,"25025081500",81500,32524,0,0,0,0
"929",25,"25025081700",81700,27787,0,0,0,0
"930",25,"25025081800",81800,25852,0,0,0,0
"931",25,"25025081900",81900,30985,0,0,0,0
"932",25,"25025082000",82000,26276,0,0,0,0
"933",25,"25025082100",82100,16599,0,0,0,0
"934",25,"25025090100",90100,31778,0,0,0,0
"935",25,"25025090200",90200,23067,1,0,0,0.395882818685669
"936",25,"25025090300",90300,24271,0,0,0,0
"937",25,"25025090400",90400,35125,0,0,0,0
"938",25,"25025090600",90600,40250,0,0,0,0
"939",25,"25025090700",90700,51667,3,1,0.219925225423356,0.659775676270068
"940",25,"25025090901",90901,24726,0,0,0,0
"941",25,"25025091001",91001,66250,1,0,0,0.319081046585833
"942",25,"25025091100",91100,61506,0,0,0,0
"943",25,"25025091200",91200,70798,0,0,0,0
"944",25,"25025091300",91300,34922,0,0,0,0
"945",25,"25025091400",91400,33242,0,0,0,0
"946",25,"25025091500",91500,44536,0,0,0,0
"947",25,"25025091600",91600,38342,0,0,0,0
"948",25,"25025091700",91700,47571,0,0,0,0
"949",25,"25025091800",91800,40000,0,0,0,0
"950",25,"25025091900",91900,39464,0,0,0,0
"951",25,"25025092000",92000,44028,0,0,0,0
"952",25,"25025092101",92101,50690,1,0,0,0.148500148500149
"953",25,"25025092200",92200,66198,0,0,0,0
"954",25,"25025092300",92300,36917,0,0,0,0
"955",25,"25025092400",92400,30360,0,0,0,0
"956",25,"25025100100",100100,28671,0,0,0,0
"957",25,"25025100200",100200,36762,0,0,0,0
"958",25,"25025100300",100300,48320,0,0,0,0
"959",25,"25025100400",100400,52485,1,0,0,0.208203206329377
"960",25,"25025100500",100500,49510,0,0,0,0
"961",25,"25025100601",100601,58426,0,0,0,0
"962",25,"25025100603",100603,76553,2,0,0,0.978952520802741
"963",25,"25025100700",100700,71367,1,0,0,0.223763705526964
"964",25,"25025100800",100800,65762,2,0,0,0.313479623824451
"965",25,"25025100900",100900,53517,0,0,0,0
"966",25,"25025101001",101001,46733,0,0,0,0
"967",25,"25025101002",101002,27715,1,0,0,0.208289939595918
"968",25,"25025101101",101101,59277,0,0,0,0
"969",25,"25025101102",101102,36000,0,0,0,0
"970",25,"25025110103",110103,68429,1,0,0,0.160590974787217
"971",25,"25025110201",110201,46341,0,0,0,0
"972",25,"25025110301",110301,74469,1,0,0,0.394944707740916
"973",25,"25025110401",110401,60095,0,0,0,0
"974",25,"25025110403",110403,67031,0,0,0,0
"975",25,"25025110501",110501,84020,0,0,0,0
"976",25,"25025110502",110502,77083,0,0,0,0
"977",25,"25025110601",110601,95556,0,0,0,0
"978",25,"25025110607",110607,81076,1,0,0,0.189071658158442
"979",25,"25025120103",120103,129875,1,1,0.668449197860963,0.668449197860963
"980",25,"25025120104",120104,71477,0,0,0,0
"981",25,"25025120105",120105,155417,0,0,0,0
"982",25,"25025120201",120201,54513,0,0,0,0
"983",25,"25025120301",120301,76375,0,0,0,0
"984",25,"25025120400",120400,80513,1,0,0,0.156543519098309
"985",25,"25025120500",120500,65712,0,0,0,0
"986",25,"25025120600",120600,100599,0,0,0,0
"987",25,"25025120700",120700,82321,0,0,0,0
"988",25,"25025130100",130100,80923,0,0,0,0
"989",25,"25025130200",130200,103476,1,1,0.198059021588433,0.198059021588433
"990",25,"25025130300",130300,112262,0,0,0,0
"991",25,"25025130402",130402,71875,3,0,0,0.587084148727984
"992",25,"25025130404",130404,72564,1,0,0,0.30229746070133
"993",25,"25025130406",130406,40968,0,0,0,0
"994",25,"25025140102",140102,63607,0,0,0,0
"995",25,"25025140105",140105,65375,1,0,0,0.24443901246639
"996",25,"25025140106",140106,30625,1,0,0,0.547645125958379
"997",25,"25025140107",140107,63621,0,0,0,0
"998",25,"25025140201",140201,76976,1,0,0,0.413223140495868
"999",25,"25025140202",140202,71570,0,0,0,0
"1000",25,"25025140300",140300,50703,1,0,0,0.157654106889484
"1001",25,"25025140400",140400,58690,0,0,0,0
"1002",25,"25025160101",160101,53485,0,0,0,0
"1003",25,"25025160200",160200,52268,0,0,0,0
"1004",25,"25025160300",160300,61124,0,0,0,0
"1005",25,"25025160400",160400,38429,5,1,0.352360817477097,1.76180408738548
"1006",25,"25025160501",160501,35308,0,0,0,0
"1007",25,"25025160502",160502,57344,2,0,0,0.438788942518649
"1008",25,"25025160601",160601,48324,0,0,0,0
"1009",25,"25025160602",160602,50829,1,0,0,0.223164472216023
"1010",25,"25025170100",170100,51075,0,0,0,0
"1011",25,"25025170200",170200,48892,0,0,0,0
"1012",25,"25025170300",170300,58945,3,0,0,0.329815303430079
"1013",25,"25025170400",170400,47642,2,0,0,0.363834818992178
"1014",25,"25025170501",170501,47604,1,0,0,0.280112044817927
"1015",25,"25025170502",170502,55217,1,0,0,0.326690623979092
"1016",25,"25025170601",170601,56136,2,0,0,0.344530577088717
"1017",25,"25025170701",170701,41023,1,0,0,0.472813238770686
"1018",25,"25025170702",170702,42500,2,0,0,0.312695434646654
"1019",25,"25025170800",170800,50139,0,0,0,0
"1020",25,"25025180101",180101,58620,1,0,0,0.205803663305207
"1021",25,"25025180200",180200,60081,1,0,0,0.253292806484296
"1022",25,"25025180301",180301,91625,0,0,0,0
"1023",25,"25025180400",180400,82361,0,0,0,0
"1024",25,"25025180500",180500,60645,0,0,0,0
